Environment,f0_proximal,f0_distal,f1_proximal,f1_distal,f2_proximal,f2_distal,slip,drop,stem_moved,success_or_failure,apple wrt baselink,calix wrt baselink,stem wrt baselink,stem socket wrt baselink,eef_wrt_baselink,noise_wrt_tool
apple_proxy,0,1,0,1,0,0,y,n,y,s,"[-0.7190133946823674, 0.08938932139270073, 0.39784110886337687]","[-0.7010504070394854, 0.0886197719644517, 0.37206514384668843]","[-0.7369763823252492, 0.09015887082094964, 0.4236170738800651]","[-0.7735038958208084, 0.08579299874399854, 0.46597165023245823]","[-0.7040034448173438, 0.08885190597494291, 0.38479701674716726, 0.011306633291125174, -0.3300570583993868, 0.8844188292400262, 0.32975420047372583]","[-0.013, 0.0, -0.01, -0.08726646259971647, -0.17453292519943295, 0]",0,0,0
