Environment,f0_proximal,f0_distal,f1_proximal,f1_distal,f2_proximal,f2_distal,slip,drop,stem_moved,success_or_failure,apple wrt baselink,calix wrt baselink,stem wrt baselink,stem socket wrt baselink,eef_wrt_baselink,noise_wrt_tool
apple_proxy,0,1,0,1,1,1,n,n,n,s,"[-0.7222019482361284, 0.0939179282018393, 0.38801752801109424]","[-0.7046907185520399, 0.08930677123664205, 0.3586013145872542]","[-0.739713177920217, 0.09852908516703668, 0.41743374143493406]","[-0.7763484787774079, 0.08898484982837646, 0.4603147014563893]","[-0.7216253132050263, 0.09423506992498382, 0.38302231694771316, -0.024015396289874587, -0.04550241681066293, 0.8772418241787658, 0.4772835349317442]","[-0.013, 0.0, -0.005, 0.0, 0.08726646259971647, 0]",0,0,0
