Environment,f0_proximal,f0_distal,f1_proximal,f1_distal,f2_proximal,f2_distal,slip,drop,stem_moved,success_or_failure,apple wrt baselink,calix wrt baselink,stem wrt baselink,stem socket wrt baselink,eef_wrt_baselink,noise_wrt_tool
apple_proxy,0,1,0,1,0,1,y,n,n,f,"[-0.7251714586751096, 0.06516988915204158, 0.38886237801581447]","[-0.7118332994451824, 0.06379600353135717, 0.36384907864984095]","[-0.7385096179050368, 0.0665437747727261, 0.41387567738178777]","[-0.7766303722729084, 0.0642587885166952, 0.45679285223472244]","[-0.6970659201826137, 0.06500483334413865, 0.37054205264306295, -0.08074078564675265, -0.3230616988209322, 0.9148564301989847, 0.22836325538853694]","[-0.025, -0.01, -0.015, -0.5235987755982988, 0.0, 0]",0,0,0
