Environment,f0_proximal,f0_distal,f1_proximal,f1_distal,f2_proximal,f2_distal,slip,drop,stem_moved,success_or_failure,apple wrt baselink,calix wrt baselink,stem wrt baselink,stem socket wrt baselink,eef_wrt_baselink,noise_wrt_tool
apple_proxy,0,1,0,1,0,1,n,n,n,f,"[-0.7443752910572515, 0.07436925260446942, 0.3686581475180961]","[-0.7335318992464821, 0.07408607548796581, 0.3387397430191159]","[-0.7552186828680211, 0.07465242972097302, 0.3985765520170763]","[-0.7805089230506315, 0.07696052244018925, 0.45409053466588256]","[-0.7335399403361658, 0.07600968315031514, 0.3422484830631636, -0.057359145444128526, -0.49600087428484346, 0.860915040637266, 0.09756205177796484]","[-0.01, 0.01, -0.02, -0.5235987755982988, 0.0, 0]",0,0,0
