Environment,f0_proximal,f0_distal,f1_proximal,f1_distal,f2_proximal,f2_distal,slip,drop,stem_moved,success_or_failure,apple wrt baselink,calix wrt baselink,stem wrt baselink,stem socket wrt baselink,eef_wrt_baselink,noise_wrt_tool
apple_proxy,0,1,0,1,0,1,n,n,n,f,"[-0.776899491334415, 0.08539993336152163, 0.35450446827702886]","[-0.7751133512817043, 0.0808254291199984, 0.3230295044255518]","[-0.7786856313871258, 0.08997443760304474, 0.38597943212850616]","[-0.7993552919494811, 0.09607506197709442, 0.44356828925396985]","[-0.77122185904065, 0.09533811815095783, 0.3438117857787599, 0.006728031395572385, -0.36614790657910484, 0.9282537145123968, 0.06508060844228902]","[-0.005, 0.0, -0.01, 0.0, 0.0, 0]",0,0,0
