Environment,f0_proximal,f0_distal,f1_proximal,f1_distal,f2_proximal,f2_distal,slip,drop,stem_moved,success_or_failure,apple wrt baselink,calix wrt baselink,stem wrt baselink,stem socket wrt baselink,eef_wrt_baselink,noise_wrt_tool
apple_proxy,0,1,0,1,0,1,y,n,n,f,"[-0.6944606182582456, 0.08926264169287956, 0.4228792313458041]","[-0.669381529889983, 0.08675974120873925, 0.4014783852012034]","[-0.7195397066265081, 0.09176554217701982, 0.444280077490405]","[-0.7674109039241233, 0.08800117255057122, 0.48626166040082075]","[-0.6738653867639081, 0.09482753667088822, 0.42022267453155737, -0.20308003417801562, -0.31107519675418394, 0.6751455536232757, 0.6373140537484826]","[0.003, -0.015, -0.01, -0.08726646259971647, -0.08726646259971647, 0]",0,0,0
