Environment,f0_proximal,f0_distal,f1_proximal,f1_distal,f2_proximal,f2_distal,slip,drop,stem_moved,success_or_failure,apple wrt baselink,calix wrt baselink,stem wrt baselink,stem socket wrt baselink,eef_wrt_baselink,noise_wrt_tool
apple_proxy,0,1,0,1,0,1,y,n,n,f,"[-0.7456257773109659, 0.08357250830060048, 0.37141634815184177]","[-0.733195358811449, 0.07677720759428835, 0.3407454599614408]","[-0.7580561958104828, 0.0903678090069126, 0.40208723634224297]","[-0.7862057694165702, 0.09587346533444896, 0.4512879006210333]","[-0.7378021769882748, 0.09000425117975014, 0.35831522720462194, -0.0996718422572312, -0.15199648618019582, 0.768751380669041, 0.6131752659471578]","[0.003, -0.007, -0.01, -0.17453292519943295, 0.0, 0]",0,0,0
