Environment,f0_proximal,f0_distal,f1_proximal,f1_distal,f2_proximal,f2_distal,slip,drop,stem_moved,success_or_failure,apple wrt baselink,calix wrt baselink,stem wrt baselink,stem socket wrt baselink,eef_wrt_baselink,noise_wrt_tool
apple_proxy,0,1,0,1,0,1,y,n,y,s,"[-0.7675736727257474, 0.08816005839428115, 0.3614171888873814]","[-0.7597688019034962, 0.08503534035821425, 0.3313305793865775]","[-0.7753785435479985, 0.09128477643034794, 0.39150379838818505]","[-0.7916696845194757, 0.0883930612990596, 0.44642494736466376]","[-0.7464183349603121, 0.07993511083886057, 0.34890126398526444, -0.09375091282559335, -0.2043007203334144, 0.8633764708722328, 0.45172231687157716]","[-0.02, -0.007, -0.01, -0.17453292519943295, 0.0, 0]",0,0,0
