Environment,f0_proximal,f0_distal,f1_proximal,f1_distal,f2_proximal,f2_distal,slip,drop,stem_moved,success_or_failure,apple wrt baselink,calix wrt baselink,stem wrt baselink,stem socket wrt baselink,eef_wrt_baselink,noise_wrt_tool
apple_proxy,0,1,0,1,0,1,y,n,n,s,"[-0.7457701705982775, 0.08887756137067837, 0.37187199650690905]","[-0.737399113159609, 0.08694509527807714, 0.3395125039453166]","[-0.7541412280369459, 0.09081002746327954, 0.4042314890685015]","[-0.7802658444613271, 0.08915992498844277, 0.45792401123389737]","[-0.7442987216535005, 0.09784791615754401, 0.36328202708678337, 0.012548524370724847, -0.12560353567265048, 0.9724055132674572, 0.19619837952873392]","[0.003, -0.007, -0.005, -0.08726646259971647, -0.08726646259971647, 0]",0,0,0
