Environment,f0_proximal,f0_distal,f1_proximal,f1_distal,f2_proximal,f2_distal,slip,drop,stem_moved,success_or_failure,apple wrt baselink,calix wrt baselink,stem wrt baselink,stem socket wrt baselink,eef_wrt_baselink,noise_wrt_tool
apple_proxy,0,1,0,1,1,1,y,n,y,f,"[-0.7564150704653374, 0.09011459776831793, 0.3660990838529241]","[-0.7453466329980347, 0.0855740798711156, 0.33641014180598994]","[-0.76748350793264, 0.09465511566552026, 0.3957880258998585]","[-0.787185738193633, 0.09358422709155184, 0.4511088604594038]","[-0.7335760743646746, 0.10267613421677196, 0.35948353857818227, 0.0768668798335358, -0.16214663668018647, 0.9680372991404519, 0.1752248226445701]","[-0.02, -0.015, -0.005, -0.08726646259971647, -0.17453292519943295, 0]",0,0,0
