Environment,f0_proximal,f0_distal,f1_proximal,f1_distal,f2_proximal,f2_distal,slip,drop,stem_moved,success_or_failure,apple wrt baselink,calix wrt baselink,stem wrt baselink,stem socket wrt baselink,eef_wrt_baselink,noise_wrt_tool
apple_proxy,0,0,0,1,1,1,y,n,y,f,"[-0.6984772095735297, 0.07321433486217716, 0.4256616845002281]","[-0.6765829836392336, 0.0730231762515895, 0.4047678399554504]","[-0.7203714355078258, 0.07340549347276476, 0.44655552904500584]","[-0.7734108118072744, 0.07622538229473147, 0.47485687374074637]","[-0.6563931816224404, 0.04376707485833187, 0.4228715756452295, 0.08699132606154864, -0.3403667470619676, 0.8673010470529697, 0.3526639767049238]","[-0.045, -0.015, -0.015, 0.30543261909900765, -0.6108652381980153, 0]",0,0,0
