Environment,f0_proximal,f0_distal,f1_proximal,f1_distal,f2_proximal,f2_distal,slip,drop,stem_moved,success_or_failure,apple wrt baselink,calix wrt baselink,stem wrt baselink,stem socket wrt baselink,eef_wrt_baselink,noise_wrt_tool
apple_proxy,0,1,0,1,0,1,n,n,n,s,"[-0.7548465815902334, 0.09368753797291735, 0.3617452300321673]","[-0.7441762030109541, 0.08936009997599409, 0.33284285702762406]","[-0.7655169601695128, 0.09801497596984066, 0.39064760303671053]","[-0.7898880568795515, 0.09503759652398813, 0.45139731894773205]","[-0.7549362953820625, 0.09321231760837856, 0.35674521005739623, -0.052019902288929144, 0.007359261217679213, -0.14806212934408877, 0.9875815798678489]","[-0.005, 0.0, -0.005, 0.08726646259971647, 0.08726646259971647, 0]",0,0,0
