Environment,f0_proximal,f0_distal,f1_proximal,f1_distal,f2_proximal,f2_distal,slip,drop,stem_moved,success_or_failure,apple wrt baselink,calix wrt baselink,stem wrt baselink,stem socket wrt baselink,eef_wrt_baselink,noise_wrt_tool
apple_proxy,0,1,0,1,0,1,n,n,n,s,"[-0.6969372108299818, 0.08948715658950956, 0.4249156678940893]","[-0.6748695428414746, 0.08430650090983505, 0.4067658177762814]","[-0.7190048788184891, 0.09466781226918414, 0.4430655180118972]","[-0.7716219473216606, 0.09547460828196275, 0.476086995846291]","[-0.6928478827704878, 0.08997838259948232, 0.42196235564003537, -0.300625180714113, -0.33913942896686095, 0.6670746786196947, 0.5912870044107781]","[-0.02, 0.0, -0.01, 0.08726646259971647, 0.0, 0]",0,0,0
