Environment,f0_proximal,f0_distal,f1_proximal,f1_distal,f2_proximal,f2_distal,slip,drop,stem_moved,success_or_failure,apple wrt baselink,calix wrt baselink,stem wrt baselink,stem socket wrt baselink,eef_wrt_baselink,noise_wrt_tool
apple_proxy,0,1,0,1,0,0,n,n,n,f,"[-0.7456257773109659, 0.08357250830060048, 0.37141634815184177]","[-0.733195358811449, 0.07677720759428835, 0.3407454599614408]","[-0.7580561958104828, 0.0903678090069126, 0.40208723634224297]","[-0.7862057694165702, 0.09587346533444896, 0.4512879006210333]","[-0.7365304331625369, 0.09997396600309649, 0.3703990395403387, 0.059912913867246086, -0.3558141929954261, 0.9160579368072711, 0.1750558745868201]","[-0.005, -0.015, -0.005, -0.17453292519943295, -0.17453292519943295, 0]",0,0,0
