Environment,f0_proximal,f0_distal,f1_proximal,f1_distal,f2_proximal,f2_distal,slip,drop,stem_moved,success_or_failure,apple wrt baselink,calix wrt baselink,stem wrt baselink,stem socket wrt baselink,eef_wrt_baselink,noise_wrt_tool
apple_proxy,1,1,0,1,0,1,n,n,n,s,"[-0.7675736727257474, 0.08816005839428115, 0.3614171888873814]","[-0.7597688019034962, 0.08503534035821425, 0.3313305793865775]","[-0.7753785435479985, 0.09128477643034794, 0.39150379838818505]","[-0.7916696845194757, 0.0883930612990596, 0.44642494736466376]","[-0.7492074961399929, 0.09188041780798106, 0.3619174893731507, -0.2093812140411557, -0.23546472529387424, 0.8231814326250952, 0.4723221351262597]","[-0.005, -0.015, -0.005, 0.0, 0.08726646259971647, 0]",0,0,0
