Environment,f0_proximal,f0_distal,f1_proximal,f1_distal,f2_proximal,f2_distal,slip,drop,stem_moved,success_or_failure,apple wrt baselink,calix wrt baselink,stem wrt baselink,stem socket wrt baselink,eef_wrt_baselink,noise_wrt_tool
apple_proxy,0,1,0,1,0,1,y,n,y,f,"[-0.7728416607121384, 0.09610090301194713, 0.3582819394958181]","[-0.7688221513046398, 0.09644116225039323, 0.32672260139443243]","[-0.7768611701196371, 0.09576064377350113, 0.389841277597204]","[-0.7987124701223758, 0.09832805796284383, 0.4427707601685771]","[-0.7475709362039151, 0.10074270228508841, 0.33899865495796067, -0.03778818007964714, -0.3759370617692971, 0.8849608029904433, 0.2721906614949295]","[-0.025, 0.0, -0.015, -0.5235987755982988, 0.0, 0]",0,0,0
