Environment,f0_proximal,f0_distal,f1_proximal,f1_distal,f2_proximal,f2_distal,slip,drop,stem_moved,success_or_failure,apple wrt baselink,calix wrt baselink,stem wrt baselink,stem socket wrt baselink,eef_wrt_baselink,noise_wrt_tool
apple_proxy,0,1,0,1,0,1,n,n,n,s,"[-0.7250246623076424, 0.08789680758809243, 0.3852348682093407]","[-0.7096823181433836, 0.08452829799080791, 0.3606485166336064]","[-0.7403670064719012, 0.091265317185377, 0.4098212197850748]","[-0.7754585827880021, 0.09430519130298154, 0.46483042005046293]","[-0.7205529603499364, 0.07452462438399793, 0.3699710080225769, -0.05251563980096995, -0.10912955158896225, 0.8718175703513878, 0.47462297939827097]","[-0.013, 0.007, -0.01, -0.17453292519943295, 0.0, 0]",0,0,0
