Environment,f0_proximal,f0_distal,f1_proximal,f1_distal,f2_proximal,f2_distal,slip,drop,stem_moved,success_or_failure,apple wrt baselink,calix wrt baselink,stem wrt baselink,stem socket wrt baselink,eef_wrt_baselink,noise_wrt_tool
apple_proxy,0,1,0,1,0,1,y,n,y,s,"[-0.7428864674177627, 0.07153731801843582, 0.36373179981625325]","[-0.7299963155943767, 0.06908196209338291, 0.33576710664393183]","[-0.7557766192411486, 0.07399267394348863, 0.3916964929885747]","[-0.7829811350830906, 0.07350798458325647, 0.44733957042037553]","[-0.7405370041732348, 0.060864370695467906, 0.33744741614012885, 0.07912460104775938, -0.16010693733116246, 0.8314466800310666, 0.5261192682204173]","[-0.01, 0.01, -0.02, 0.0, -0.2617993877991494, 0]",0,0,0
