Environment,f0_proximal,f0_distal,f1_proximal,f1_distal,f2_proximal,f2_distal,slip,drop,stem_moved,success_or_failure,apple wrt baselink,calix wrt baselink,stem wrt baselink,stem socket wrt baselink,eef_wrt_baselink,noise_wrt_tool
apple_proxy,0,1,0,0,0,1,y,n,y,s,"[-0.7529527536312917, 0.091295732474026, 0.3688813127299235]","[-0.743349335393453, 0.09059501853764435, 0.34313890811891734]","[-0.7625561718691302, 0.0919964464104076, 0.3946237173409295]","[-0.7854752527743478, 0.08922229836547924, 0.4520853500266564]","[-0.7671571013915974, 0.0746737069943037, 0.3682495100722323, -0.307841502416019, 0.023470482414829994, 0.0006291724173418035, 0.9511479117295764]","[-0.013, -0.015, -0.005, -0.08726646259971647, 0.0, 0]",0,0,0
