Environment,f0_proximal,f0_distal,f1_proximal,f1_distal,f2_proximal,f2_distal,slip,drop,stem_moved,success_or_failure,apple wrt baselink,calix wrt baselink,stem wrt baselink,stem socket wrt baselink,eef_wrt_baselink,noise_wrt_tool
apple_proxy,0,1,0,1,0,0,y,n,n,f,"[-0.6881124759550702, 0.08552905604071376, 0.4438616917610838]","[-0.6601929295250001, 0.0854100867525226, 0.42331124442462165]","[-0.7160320223851404, 0.08564802532890492, 0.464412139097546]","[-0.7692541717882235, 0.08958234560701744, 0.49210402413091225]","[-0.6716707196252645, 0.0735388959283651, 0.42733997888264796, -0.07190406821988318, -0.3270408633289724, 0.8869650698123447, 0.3180676714462727]","[-0.02, 0.007, -0.01, 0.0, -0.17453292519943295, 0]",0,0,0
