Environment,f0_proximal,f0_distal,f1_proximal,f1_distal,f2_proximal,f2_distal,slip,drop,stem_moved,success_or_failure,apple wrt baselink,calix wrt baselink,stem wrt baselink,stem socket wrt baselink,eef_wrt_baselink,noise_wrt_tool
apple_proxy,0,1,0,1,0,1,n,n,n,s,"[-0.7833562501531787, 0.08859854733368333, 0.3527369174868822]","[-0.7807619826377141, 0.08683571055046474, 0.32241872669656724]","[-0.7859505176686432, 0.09036138411690192, 0.38305510827719713]","[-0.8013372669174796, 0.09476279174104713, 0.4410630399826423]","[-0.7851375591860978, 0.09866591828743321, 0.3394778167148882, 0.0023554195170367156, -0.05201624924614875, 0.9932268370151848, 0.10387113191871122]","[0.003, -0.007, -0.01, 0.08726646259971647, 0.0, 0]",0,0,0
