Environment,f0_proximal,f0_distal,f1_proximal,f1_distal,f2_proximal,f2_distal,slip,drop,stem_moved,success_or_failure,apple wrt baselink,calix wrt baselink,stem wrt baselink,stem socket wrt baselink,eef_wrt_baselink,noise_wrt_tool
apple_proxy,0,1,0,1,0,1,y,n,n,s,"[-0.7251714586751096, 0.06516988915204158, 0.38886237801581447]","[-0.7118332994451824, 0.06379600353135717, 0.36384907864984095]","[-0.7385096179050368, 0.0665437747727261, 0.41387567738178777]","[-0.7766303722729084, 0.0642587885166952, 0.45679285223472244]","[-0.709730954713448, 0.06599671384431538, 0.3645863183738107, -0.10712292227765366, 0.04763011213331328, 0.7749372713443502, 0.6210702677010373]","[-0.01, -0.01, -0.02, 0.0, 0.2617993877991494, 0]",0,0,0
