Environment,f0_proximal,f0_distal,f1_proximal,f1_distal,f2_proximal,f2_distal,slip,drop,stem_moved,success_or_failure,apple wrt baselink,calix wrt baselink,stem wrt baselink,stem socket wrt baselink,eef_wrt_baselink,noise_wrt_tool
apple_proxy,0,1,0,1,0,1,y,n,y,f,"[-0.7384088725415306, 0.06573210814079677, 0.37005075118893505]","[-0.7268015957812098, 0.06476471857904076, 0.3443438223373716]","[-0.7500161493018513, 0.06669949770255279, 0.3957576800404985]","[-0.7803843298044143, 0.0633465355639955, 0.4549357872132289]","[-0.6997687863426558, 0.0450564443065834, 0.3563550458980156, 0.18158438851577127, -0.1828323081234145, 0.9033908567288115, 0.3427599990261457]","[-0.04, -0.01, -0.015, 0.2617993877991494, -0.5235987755982988, 0]",0,0,0
