Environment,f0_proximal,f0_distal,f1_proximal,f1_distal,f2_proximal,f2_distal,slip,drop,stem_moved,success_or_failure,apple wrt baselink,calix wrt baselink,stem wrt baselink,stem socket wrt baselink,eef_wrt_baselink,noise_wrt_tool
apple_proxy,0,1,0,1,0,1,y,n,n,f,"[-0.6985780701550057, 0.07306239669759451, 0.41515388963666067]","[-0.6756715010778244, 0.07071211638805514, 0.3940188159949194]","[-0.7214846392321872, 0.07541267700713394, 0.4362889632784017]","[-0.7726702259095255, 0.07284365542708032, 0.470746512036337]","[-0.6702273463797364, 0.06520535584939191, 0.3956151853465326, -0.32903102961480635, -0.4475639507337002, 0.6920174207278985, 0.46101733260623873]","[-0.025, 0.0, -0.02, -0.5235987755982988, 0.2617993877991494, 0]",0,0,0
