Environment,f0_proximal,f0_distal,f1_proximal,f1_distal,f2_proximal,f2_distal,slip,drop,stem_moved,success_or_failure,apple wrt baselink,calix wrt baselink,stem wrt baselink,stem socket wrt baselink,eef_wrt_baselink,noise_wrt_tool
apple_proxy,1,1,0,1,1,1,y,n,n,f,"[-0.736958629363471, 0.06166798194525014, 0.3742343407493409]","[-0.7259742863384194, 0.05747505121403618, 0.3464240104995242]","[-0.7479429723885226, 0.06586091267646432, 0.40204467099915786]","[-0.7813114227814069, 0.06059846548088388, 0.4475491188611427]","[-0.7083850117313879, 0.06262201871104667, 0.3565328078847634, 0.26997489715773726, -0.06486672112483763, 0.9168262413653596, 0.28694164308975845]","[-0.025, -0.01, -0.015, 0.2617993877991494, -0.5235987755982988, 0]",0,0,0
