Environment,f0_proximal,f0_distal,f1_proximal,f1_distal,f2_proximal,f2_distal,slip,drop,stem_moved,success_or_failure,apple wrt baselink,calix wrt baselink,stem wrt baselink,stem socket wrt baselink,eef_wrt_baselink,noise_wrt_tool
apple_proxy,0,1,0,1,0,1,n,n,n,s,"[-0.7018624061561478, 0.07886743928856882, 0.4204737048222025]","[-0.6816561648743251, 0.07665386626633547, 0.398751674338794]","[-0.7220686474379705, 0.08108101231080228, 0.44219573530561074]","[-0.7718561732239898, 0.07676321053027657, 0.4736906002593537]","[-0.6754529271982508, 0.0858032857686119, 0.4177498029160214, -0.4590047782548667, -0.41491141891826744, 0.6492183473984569, 0.44235581310936756]","[0.005, -0.01, -0.02, -0.2617993877991494, 0.0, 0]",0,0,0
