Environment,f0_proximal,f0_distal,f1_proximal,f1_distal,f2_proximal,f2_distal,slip,drop,stem_moved,success_or_failure,apple wrt baselink,calix wrt baselink,stem wrt baselink,stem socket wrt baselink,eef_wrt_baselink,noise_wrt_tool
apple_proxy,0,1,0,1,1,0,y,y,y,f,"[-0.6944606182582456, 0.08926264169287956, 0.4228792313458041]","[-0.669381529889983, 0.08675974120873925, 0.4014783852012034]","[-0.7195397066265081, 0.09176554217701982, 0.444280077490405]","[-0.7674109039241233, 0.08800117255057122, 0.48626166040082075]","[-0.6751134212227102, 0.08013614745074954, 0.416470007487425, -0.06805463819027047, -0.39804708965522256, 0.8399506464157115, 0.36250516165101515]","[-0.02, 0.0, -0.005, 0.08726646259971647, -0.17453292519943295, 0]",0,0,0
