Environment,f0_proximal,f0_distal,f1_proximal,f1_distal,f2_proximal,f2_distal,slip,drop,stem_moved,success_or_failure,apple wrt baselink,calix wrt baselink,stem wrt baselink,stem socket wrt baselink,eef_wrt_baselink,noise_wrt_tool
apple_proxy,0,1,0,1,0,1,y,n,n,f,"[-0.7552345128067542, 0.07716945865485542, 0.3600347417777241]","[-0.7464252641829527, 0.07444346924773965, 0.3325582407301231]","[-0.7640437614305559, 0.07989544806197113, 0.3875112428253249]","[-0.7939762263818713, 0.07888586188557883, 0.44347113767190294]","[-0.7450376442269877, 0.07694489925676012, 0.33515771348929624, -0.03955817666270389, -0.15583612682457038, 0.9236647566536688, 0.3478414431193593]","[-0.01, 0.0, -0.02, -0.2617993877991494, 0.0, 0]",0,0,0
