Environment,f0_proximal,f0_distal,f1_proximal,f1_distal,f2_proximal,f2_distal,slip,drop,stem_moved,success_or_failure,apple wrt baselink,calix wrt baselink,stem wrt baselink,stem socket wrt baselink,eef_wrt_baselink,noise_wrt_tool
apple_proxy,0,1,0,1,0,1,y,n,y,f,"[-0.7235235680020062, 0.08943417680643562, 0.3868206280221358]","[-0.7068487084387745, 0.08566694134786346, 0.3570655944366141]","[-0.7401984275652382, 0.09320141226500783, 0.41657566160765747]","[-0.7767318098390705, 0.09685241827155439, 0.46104466882902506]","[-0.718310030629439, 0.07737517181677511, 0.3723388633411775, -0.049683766817261575, -0.0009685367838247709, 0.7447865147041051, 0.6654499476040702]","[-0.013, 0.0, -0.01, 0.08726646259971647, 0.08726646259971647, 0]",0,0,0
