Environment,f0_proximal,f0_distal,f1_proximal,f1_distal,f2_proximal,f2_distal,slip,drop,stem_moved,success_or_failure,apple wrt baselink,calix wrt baselink,stem wrt baselink,stem socket wrt baselink,eef_wrt_baselink,noise_wrt_tool
apple_proxy,0,1,0,1,0,1,y,n,y,s,"[-0.7493576107705057, 0.06617583011754291, 0.36549241573326063]","[-0.7400360927693511, 0.06658189003584825, 0.3364981918939691]","[-0.7586791287716602, 0.0657697701992378, 0.39448663957255214]","[-0.7865025693759877, 0.062315000478923355, 0.4517314224873823]","[-0.7482293862780802, 0.055345208606481844, 0.3425789998104174, -0.47076124653337437, -0.17616925151029741, -0.1737180563721634, 0.8468590676582048]","[0.005, 0.0, -0.02, -0.5235987755982988, -0.5235987755982988, 0]",0,0,0
