Environment,f0_proximal,f0_distal,f1_proximal,f1_distal,f2_proximal,f2_distal,slip,drop,stem_moved,success_or_failure,apple wrt baselink,calix wrt baselink,stem wrt baselink,stem socket wrt baselink,eef_wrt_baselink,noise_wrt_tool
apple_proxy,0,1,0,1,0,1,y,n,y,s,"[-0.736958629363471, 0.06166798194525014, 0.3742343407493409]","[-0.7259742863384194, 0.05747505121403618, 0.3464240104995242]","[-0.7479429723885226, 0.06586091267646432, 0.40204467099915786]","[-0.7813114227814069, 0.06059846548088388, 0.4475491188611427]","[-0.7217330556315773, 0.06935368906187905, 0.35652475746431467, 0.23057738568168573, 0.014052396150576036, 0.9717807827831062, 0.04773583128093418]","[-0.01, -0.01, -0.015, 0.2617993877991494, -0.5235987755982988, 0]",0,0,0
