Environment,f0_proximal,f0_distal,f1_proximal,f1_distal,f2_proximal,f2_distal,slip,drop,stem_moved,success_or_failure,apple wrt baselink,calix wrt baselink,stem wrt baselink,stem socket wrt baselink,eef_wrt_baselink,noise_wrt_tool
apple_proxy,0,1,0,1,0,1,y,n,y,f,"[-0.7225380201494764, 0.0735396556664254, 0.3832075005155906]","[-0.7079656514152366, 0.07412515581513174, 0.356480778369173]","[-0.7371103888837163, 0.07295415551771905, 0.4099342226620082]","[-0.7790500269958931, 0.07263533134495437, 0.4581351623974048]","[-0.7046115948353333, 0.08583827865785609, 0.37150987810370606, -0.20367318516217733, -0.11570091180794129, 0.9573780850232523, 0.1689903398715912]","[-0.01, -0.01, -0.015, 0.2617993877991494, 0.2617993877991494, 0]",0,0,0
