Environment,f0_proximal,f0_distal,f1_proximal,f1_distal,f2_proximal,f2_distal,slip,drop,stem_moved,success_or_failure,apple wrt baselink,calix wrt baselink,stem wrt baselink,stem socket wrt baselink,eef_wrt_baselink,noise_wrt_tool
apple_proxy,0,1,0,1,0,1,y,y,y,f,"[-0.6944606182582456, 0.08926264169287956, 0.4228792313458041]","[-0.669381529889983, 0.08675974120873925, 0.4014783852012034]","[-0.7195397066265081, 0.09176554217701982, 0.444280077490405]","[-0.7674109039241233, 0.08800117255057122, 0.48626166040082075]","[-0.6829152880820883, 0.07072516796925743, 0.4111960740324643, -0.26101248055593856, -0.3106383736637085, 0.6556652866631284, 0.6367725792357591]","[-0.02, 0.0, -0.01, -0.17453292519943295, 0.0, 0]",0,0,0
