Environment,f0_proximal,f0_distal,f1_proximal,f1_distal,f2_proximal,f2_distal,slip,drop,stem_moved,success_or_failure,apple wrt baselink,calix wrt baselink,stem wrt baselink,stem socket wrt baselink,eef_wrt_baselink,noise_wrt_tool
apple_proxy,0,1,0,1,0,0,y,n,y,s,"[-0.7589877802054927, 0.0781936285919213, 0.3607599799854111]","[-0.7516909286490427, 0.0741757295484024, 0.3275180089851386]","[-0.7662846317619425, 0.08221152763544026, 0.3940019509856838]","[-0.7927728548009414, 0.0769969182071415, 0.44347940474982894]","[-0.7459727197463829, 0.05660536371879121, 0.3388691347368562, 0.09680161451112461, -0.3910629343578284, 0.6940840152130923, 0.596612611855598]","[-0.025, 0.01, -0.015, -0.2617993877991494, -0.5235987755982988, 0]",0,0,0
