Environment,f0_proximal,f0_distal,f1_proximal,f1_distal,f2_proximal,f2_distal,slip,drop,stem_moved,success_or_failure,apple wrt baselink,calix wrt baselink,stem wrt baselink,stem socket wrt baselink,eef_wrt_baselink,noise_wrt_tool
apple_proxy,0,1,0,1,0,1,n,n,n,s,"[-0.6969372108299818, 0.08948715658950956, 0.4249156678940893]","[-0.6748695428414746, 0.08430650090983505, 0.4067658177762814]","[-0.7190048788184891, 0.09466781226918414, 0.4430655180118972]","[-0.7716219473216606, 0.09547460828196275, 0.476086995846291]","[-0.692881952322989, 0.09006140297953535, 0.42224008258892587, -0.3063340155230219, -0.34492502752796594, 0.6642310955063601, 0.5882034070632332]","[0.003, 0.007, -0.005, 0.08726646259971647, -0.17453292519943295, 0]",0,0,0
