Environment,f0_proximal,f0_distal,f1_proximal,f1_distal,f2_proximal,f2_distal,slip,drop,stem_moved,success_or_failure,apple wrt baselink,calix wrt baselink,stem wrt baselink,stem socket wrt baselink,eef_wrt_baselink,noise_wrt_tool
apple_proxy,0,1,0,1,0,1,y,n,y,f,"[-0.736958629363471, 0.06166798194525014, 0.3742343407493409]","[-0.7259742863384194, 0.05747505121403618, 0.3464240104995242]","[-0.7479429723885226, 0.06586091267646432, 0.40204467099915786]","[-0.7813114227814069, 0.06059846548088388, 0.4475491188611427]","[-0.7258018319923487, 0.061391603498946345, 0.34969014460276004, -0.1768106534585511, -0.20168321026341565, 0.9588843625941409, 0.09275049700045973]","[-0.01, 0.0, -0.02, -0.2617993877991494, 0.2617993877991494, 0]",0,0,0
