Environment,f0_proximal,f0_distal,f1_proximal,f1_distal,f2_proximal,f2_distal,slip,drop,stem_moved,success_or_failure,apple wrt baselink,calix wrt baselink,stem wrt baselink,stem socket wrt baselink,eef_wrt_baselink,noise_wrt_tool
apple_proxy,0,1,0,1,0,1,n,n,y,s,"[-0.7383104419140104, 0.06533923983977341, 0.3729597522864634]","[-0.7264504968508216, 0.06320183836006588, 0.34566292009712685]","[-0.7501703869771992, 0.06747664131948089, 0.40025658447580015]","[-0.782015003760469, 0.06266303415487762, 0.4482272909195901]","[-0.74177957217593, 0.06909798563611425, 0.3508686321263299, -0.10745422199064335, -0.3465810473746138, 0.8264544356156233, 0.4304744285417708]","[0.005, 0.01, -0.015, -0.2617993877991494, 0.0, 0]",0,0,0
