Environment,f0_proximal,f0_distal,f1_proximal,f1_distal,f2_proximal,f2_distal,slip,drop,stem_moved,success_or_failure,apple wrt baselink,calix wrt baselink,stem wrt baselink,stem socket wrt baselink,eef_wrt_baselink,noise_wrt_tool
apple_proxy,0,1,0,1,0,1,y,n,n,s,"[-0.7195013353047428, 0.06962021326200751, 0.39725606515439327]","[-0.7015083071146369, 0.06596781088285197, 0.3733167682951317]","[-0.7374943634948489, 0.07327261564116316, 0.4211953620136546]","[-0.7781540289518656, 0.0749682361403925, 0.46128948933734315]","[-0.7231784983560512, 0.058794348014469255, 0.37093019376647596, 0.22502255910067057, -0.16214665490379232, 0.7007273277696598, 0.6573085442287275]","[-0.01, 0.01, -0.02, 0.2617993877991494, -0.5235987755982988, 0]",0,0,0
