Environment,f0_proximal,f0_distal,f1_proximal,f1_distal,f2_proximal,f2_distal,slip,drop,stem_moved,success_or_failure,apple wrt baselink,calix wrt baselink,stem wrt baselink,stem socket wrt baselink,eef_wrt_baselink,noise_wrt_tool
apple_proxy,0,0,0,0,0,0,y,n,n,f,"[-0.7225380201494764, 0.0735396556664254, 0.3832075005155906]","[-0.7079656514152366, 0.07412515581513174, 0.356480778369173]","[-0.7371103888837163, 0.07295415551771905, 0.4099342226620082]","[-0.7790500269958931, 0.07263533134495437, 0.4581351623974048]","[-0.6743043244772884, 0.07913142162838821, 0.37670229921810194, 0.1355124252830806, -0.5115819541764018, 0.8450619978904623, 0.07609537749648697]","[-0.04, -0.02, -0.015, -0.5235987755982988, -0.5235987755982988, 0]",0,0,0
