Environment,f0_proximal,f0_distal,f1_proximal,f1_distal,f2_proximal,f2_distal,slip,drop,stem_moved,success_or_failure,apple wrt baselink,calix wrt baselink,stem wrt baselink,stem socket wrt baselink,eef_wrt_baselink,noise_wrt_tool
apple_proxy,0,1,1,1,0,1,y,n,n,s,"[-0.7548465815902334, 0.09368753797291735, 0.3617452300321673]","[-0.7441762030109541, 0.08936009997599409, 0.33284285702762406]","[-0.7655169601695128, 0.09801497596984066, 0.39064760303671053]","[-0.7898880568795515, 0.09503759652398813, 0.45139731894773205]","[-0.7505904071771489, 0.09642851485963744, 0.3612010809690347, -0.32473015051193277, -0.5853594153126097, 0.6496418665260362, 0.3603749845784908]","[0.003, -0.015, -0.01, 0.08726646259971647, -0.17453292519943295, 0]",0,0,0
