Environment,f0_proximal,f0_distal,f1_proximal,f1_distal,f2_proximal,f2_distal,slip,drop,stem_moved,success_or_failure,apple wrt baselink,calix wrt baselink,stem wrt baselink,stem socket wrt baselink,eef_wrt_baselink,noise_wrt_tool
apple_proxy,0,1,0,1,0,1,y,n,n,s,"[-0.779308652262608, 0.08624122013141106, 0.3570333560426724]","[-0.771992584020297, 0.08032075207637268, 0.32869913452620514]","[-0.7866247205049192, 0.09216168818644932, 0.3853675775591394]","[-0.7946767203795074, 0.09343015758044027, 0.4446335154407577]","[-0.7683036636843121, 0.0959189224399461, 0.347688071779074, -0.03883582108589036, -0.35241520661765563, 0.8957832637845315, 0.2680814157466975]","[-0.005, -0.007, -0.01, -0.17453292519943295, -0.08726646259971647, 0]",0,0,0
