Environment,f0_proximal,f0_distal,f1_proximal,f1_distal,f2_proximal,f2_distal,slip,drop,stem_moved,success_or_failure,apple wrt baselink,calix wrt baselink,stem wrt baselink,stem socket wrt baselink,eef_wrt_baselink,noise_wrt_tool
apple_proxy,0,1,0,1,0,1,n,n,n,s,"[-0.702873488684584, 0.07507395859513821, 0.41759248011587613]","[-0.6794571703260887, 0.07286319108317524, 0.4002490975950228]","[-0.7262898070430794, 0.07728472610710113, 0.43493586263672945]","[-0.7719763049709377, 0.07196746613375321, 0.46880890367161165]","[-0.6722486256890294, 0.08891139832099665, 0.4188746462909825, -0.2750544735301404, -0.629418231208506, 0.10837721556161586, 0.7186321075213145]","[0.01, -0.02, -0.02, -0.6108652381980153, -0.30543261909900765, 0]",0,0,0
