Environment,f0_proximal,f0_distal,f1_proximal,f1_distal,f2_proximal,f2_distal,slip,drop,stem_moved,success_or_failure,apple wrt baselink,calix wrt baselink,stem wrt baselink,stem socket wrt baselink,eef_wrt_baselink,noise_wrt_tool
apple_proxy,0,1,0,1,0,1,y,n,y,f,"[-0.7564150704653374, 0.09011459776831793, 0.3660990838529241]","[-0.7453466329980347, 0.0855740798711156, 0.33641014180598994]","[-0.76748350793264, 0.09465511566552026, 0.3957880258998585]","[-0.787185738193633, 0.09358422709155184, 0.4511088604594038]","[-0.734574616712899, 0.09103525154645548, 0.35425880449916236, -0.04157572353877514, -0.08678490311908858, 0.8982223969720227, 0.42887803089068655]","[-0.013, -0.015, -0.01, 0.0, 0.0, 0]",0,0,0
