Environment,f0_proximal,f0_distal,f1_proximal,f1_distal,f2_proximal,f2_distal,slip,drop,stem_moved,success_or_failure,apple wrt baselink,calix wrt baselink,stem wrt baselink,stem socket wrt baselink,eef_wrt_baselink,noise_wrt_tool
apple_proxy,0,0,0,1,0,0,y,n,y,f,"[-0.7246418948254503, 0.07494178984951994, 0.38827432165939424]","[-0.709762159566564, 0.0737336499703869, 0.35993477752166525]","[-0.7395216300843368, 0.07614992972865298, 0.41661386579712323]","[-0.7768553338416527, 0.072335970655028, 0.4615338104778328]","[-0.7008378679740053, 0.0657426171781107, 0.36195281457676565, 0.2361172227444453, -0.24884079552967264, 0.9342779416682511, 0.09721956241285543]","[-0.025, 0.01, -0.02, -0.2617993877991494, -0.5235987755982988, 0]",0,0,0
