Environment,f0_proximal,f0_distal,f1_proximal,f1_distal,f2_proximal,f2_distal,slip,drop,stem_moved,success_or_failure,apple wrt baselink,calix wrt baselink,stem wrt baselink,stem socket wrt baselink,eef_wrt_baselink,noise_wrt_tool
apple_proxy,1,1,0,1,0,1,y,n,n,f,"[-0.6881124759550702, 0.08552905604071376, 0.4438616917610838]","[-0.6601929295250001, 0.0854100867525226, 0.42331124442462165]","[-0.7160320223851404, 0.08564802532890492, 0.464412139097546]","[-0.7692541717882235, 0.08958234560701744, 0.49210402413091225]","[-0.668485874291764, 0.07306907717497352, 0.4419020474078077, -0.17249567961777088, -0.4563706554634834, 0.7327882603524773, 0.47433367035729707]","[-0.02, -0.007, -0.005, -0.17453292519943295, -0.17453292519943295, 0]",0,0,0
