Environment,f0_proximal,f0_distal,f1_proximal,f1_distal,f2_proximal,f2_distal,slip,drop,stem_moved,success_or_failure,apple wrt baselink,calix wrt baselink,stem wrt baselink,stem socket wrt baselink,eef_wrt_baselink,noise_wrt_tool
apple_proxy,0,1,0,1,0,1,y,n,y,s,"[-0.7021383378026876, 0.08701220107644952, 0.4198938187740968]","[-0.6782593675510156, 0.08050538324908135, 0.39739101271630095]","[-0.7260173080543597, 0.09351901890381781, 0.44239662483189246]","[-0.7682520671655743, 0.09044526853793505, 0.47252169778497755]","[-0.6896352083433848, 0.07106841056167906, 0.40533526944822573, -0.13748912248231543, -0.1308513636530364, 0.8528698210692003, 0.48640284758477237]","[-0.02, 0.0, -0.01, -0.08726646259971647, 0.08726646259971647, 0]",0,0,0
