Environment,f0_proximal,f0_distal,f1_proximal,f1_distal,f2_proximal,f2_distal,slip,drop,stem_moved,success_or_failure,apple wrt baselink,calix wrt baselink,stem wrt baselink,stem socket wrt baselink,eef_wrt_baselink,noise_wrt_tool
apple_proxy,1,1,0,1,1,1,n,n,n,s,"[-0.7222019482361284, 0.0939179282018393, 0.38801752801109424]","[-0.7046907185520399, 0.08930677123664205, 0.3586013145872542]","[-0.739713177920217, 0.09852908516703668, 0.41743374143493406]","[-0.7763484787774079, 0.08898484982837646, 0.4603147014563893]","[-0.7205166794170798, 0.09528652480229172, 0.3834476860585694, -0.0944753095067577, -0.1946066440150025, 0.877385672650986, 0.42824881952621696]","[-0.013, 0.0, -0.005, 0.08726646259971647, -0.17453292519943295, 0]",0,0,0
