Environment,f0_proximal,f0_distal,f1_proximal,f1_distal,f2_proximal,f2_distal,slip,drop,stem_moved,success_or_failure,apple wrt baselink,calix wrt baselink,stem wrt baselink,stem socket wrt baselink,eef_wrt_baselink,noise_wrt_tool
apple_proxy,0,1,0,1,0,0,y,n,y,s,"[-0.7454832109012515, 0.09289906704898115, 0.3688457171297641]","[-0.7332385245029995, 0.09033639040206243, 0.3410952064675081]","[-0.7577278972995033, 0.09546174369589983, 0.3965962277920201]","[-0.783798491279351, 0.09382607888230932, 0.45654193113472874]","[-0.7520084265314948, 0.0728886596915978, 0.36392815158336567, -0.27100220630308974, -0.04141679559901482, -0.07251396276196272, 0.9589495181842083]","[-0.005, -0.015, -0.01, 0.0, -0.08726646259971647, 0]",0,0,0
