Environment,f0_proximal,f0_distal,f1_proximal,f1_distal,f2_proximal,f2_distal,slip,drop,stem_moved,success_or_failure,apple wrt baselink,calix wrt baselink,stem wrt baselink,stem socket wrt baselink,eef_wrt_baselink,noise_wrt_tool
apple_proxy,0,1,0,1,0,0,y,n,y,f,"[-0.758859863252031, 0.09046490950394914, 0.3618411913548947]","[-0.7520775112135185, 0.08911394515572768, 0.341543656312012]","[-0.7656422152905435, 0.09181587385217055, 0.38213872639777735]","[-0.7945162752906394, 0.09869917890556357, 0.45210208082725045]","[-0.7925744681976148, 0.07905463687968345, 0.3496945600910908, -0.10238868486465301, 0.10893865397085888, -0.48748701515185555, 0.8602356287326398]","[-0.025, -0.02, -0.015, 0.0, 0.2617993877991494, 0]",0,0,0
