Environment,f0_proximal,f0_distal,f1_proximal,f1_distal,f2_proximal,f2_distal,slip,drop,stem_moved,success_or_failure,apple wrt baselink,calix wrt baselink,stem wrt baselink,stem socket wrt baselink,eef_wrt_baselink,noise_wrt_tool
apple_proxy,0,1,0,0,0,1,n,n,y,s,"[-0.7529527536312917, 0.091295732474026, 0.3688813127299235]","[-0.743349335393453, 0.09059501853764435, 0.34313890811891734]","[-0.7625561718691302, 0.0919964464104076, 0.3946237173409295]","[-0.7854752527743478, 0.08922229836547924, 0.4520853500266564]","[-0.7667679560454397, 0.07415334863897832, 0.369223556769543, -0.25044649118975815, 0.007883282638979857, -0.02500922795318249, 0.967775256670039]","[-0.013, -0.015, -0.005, 0.08726646259971647, 0.0, 0]",0,0,0
