Environment,f0_proximal,f0_distal,f1_proximal,f1_distal,f2_proximal,f2_distal,slip,drop,stem_moved,success_or_failure,apple wrt baselink,calix wrt baselink,stem wrt baselink,stem socket wrt baselink,eef_wrt_baselink,noise_wrt_tool
apple_proxy,0,1,0,1,1,1,y,y,n,f,"[-0.7456257773109659, 0.08357250830060048, 0.37141634815184177]","[-0.733195358811449, 0.07677720759428835, 0.3407454599614408]","[-0.7580561958104828, 0.0903678090069126, 0.40208723634224297]","[-0.7862057694165702, 0.09587346533444896, 0.4512879006210333]","[-0.7312750142483446, 0.08909822264922707, 0.38197129047639544, -0.22341259926760326, -0.5663824439173286, 0.728268608090586, 0.3145195895020369]","[-0.005, -0.015, -0.005, -0.08726646259971647, -0.08726646259971647, 0]",0,0,0
