Environment,f0_proximal,f0_distal,f1_proximal,f1_distal,f2_proximal,f2_distal,slip,drop,stem_moved,success_or_failure,apple wrt baselink,calix wrt baselink,stem wrt baselink,stem socket wrt baselink,eef_wrt_baselink,noise_wrt_tool
apple_proxy,0,1,0,1,0,1,n,n,n,s,"[-0.779308652262608, 0.08624122013141106, 0.3570333560426724]","[-0.771992584020297, 0.08032075207637268, 0.32869913452620514]","[-0.7866247205049192, 0.09216168818644932, 0.3853675775591394]","[-0.7946767203795074, 0.09343015758044027, 0.4446335154407577]","[-0.7578894399606447, 0.09298062428409731, 0.3565274608331439, -0.06630726939232387, -0.3567972680440172, 0.8717910571626036, 0.32905836593736804]","[-0.013, -0.015, -0.005, -0.17453292519943295, -0.08726646259971647, 0]",0,0,0
