Environment,f0_proximal,f0_distal,f1_proximal,f1_distal,f2_proximal,f2_distal,slip,drop,stem_moved,success_or_failure,apple wrt baselink,calix wrt baselink,stem wrt baselink,stem socket wrt baselink,eef_wrt_baselink,noise_wrt_tool
apple_proxy,0,1,0,1,0,1,y,n,y,f,"[-0.6969372108299818, 0.08948715658950956, 0.4249156678940893]","[-0.6748695428414746, 0.08430650090983505, 0.4067658177762814]","[-0.7190048788184891, 0.09466781226918414, 0.4430655180118972]","[-0.7716219473216606, 0.09547460828196275, 0.476086995846291]","[-0.6955923567327855, 0.09028746366364881, 0.42004239787938835, -0.0742013125848336, -0.11782043230972088, 0.8393238370993567, 0.5254978662352993]","[0.003, -0.007, -0.005, -0.17453292519943295, 0.08726646259971647, 0]",0,0,0
