Environment,f0_proximal,f0_distal,f1_proximal,f1_distal,f2_proximal,f2_distal,slip,drop,stem_moved,success_or_failure,apple wrt baselink,calix wrt baselink,stem wrt baselink,stem socket wrt baselink,eef_wrt_baselink,noise_wrt_tool
apple_proxy,0,1,0,1,0,0,y,n,y,s,"[-0.7251714586751096, 0.06516988915204158, 0.38886237801581447]","[-0.7118332994451824, 0.06379600353135717, 0.36384907864984095]","[-0.7385096179050368, 0.0665437747727261, 0.41387567738178777]","[-0.7766303722729084, 0.0642587885166952, 0.45679285223472244]","[-0.7170731782115849, 0.05922418822934472, 0.36403846169549103, 0.1181689105040786, -0.3591711281479884, 0.8243610757170134, 0.4212612326548339]","[-0.01, 0.0, -0.02, -0.5235987755982988, -0.5235987755982988, 0]",0,0,0
