Environment,f0_proximal,f0_distal,f1_proximal,f1_distal,f2_proximal,f2_distal,slip,drop,stem_moved,success_or_failure,apple wrt baselink,calix wrt baselink,stem wrt baselink,stem socket wrt baselink,eef_wrt_baselink,noise_wrt_tool
apple_proxy,0,0,0,0,0,0,n,n,n,f,"[-0.7428864674177627, 0.07153731801843582, 0.36373179981625325]","[-0.7299963155943767, 0.06908196209338291, 0.33576710664393183]","[-0.7557766192411486, 0.07399267394348863, 0.3916964929885747]","[-0.7829811350830906, 0.07350798458325647, 0.44733957042037553]","[-0.7037147921602507, 0.04988612045884311, 0.3460581543121517, 0.034115507566564056, -0.13261183856653394, 0.7340352815374371, 0.6651634670317784]","[-0.04, -0.01, -0.02, 0.2617993877991494, 0.0, 0]",0,0,0
