Environment,f0_proximal,f0_distal,f1_proximal,f1_distal,f2_proximal,f2_distal,slip,drop,stem_moved,success_or_failure,apple wrt baselink,calix wrt baselink,stem wrt baselink,stem socket wrt baselink,eef_wrt_baselink,noise_wrt_tool
apple_proxy,0,1,0,1,0,1,y,n,y,s,"[-0.7443991894126483, 0.08771261652468404, 0.36988667721774715]","[-0.7312945209826579, 0.0829752803851011, 0.3398470440360948]","[-0.7575038578426387, 0.09244995266426698, 0.3999263103993993]","[-0.784333596254952, 0.09559608916931961, 0.4535391028000042]","[-0.7253810142775048, 0.09483204273721035, 0.36185015266989984, -0.02600505164772601, -0.26511288700721075, 0.8188181325652573, 0.5085034515259926]","[-0.005, -0.015, -0.01, -0.08726646259971647, -0.17453292519943295, 0]",0,0,0
