Environment,f0_proximal,f0_distal,f1_proximal,f1_distal,f2_proximal,f2_distal,slip,drop,stem_moved,success_or_failure,apple wrt baselink,calix wrt baselink,stem wrt baselink,stem socket wrt baselink,eef_wrt_baselink,noise_wrt_tool
apple_proxy,0,0,1,1,0,1,y,n,n,s,"[-0.7018624061561478, 0.07886743928856882, 0.4204737048222025]","[-0.6816561648743251, 0.07665386626633547, 0.398751674338794]","[-0.7220686474379705, 0.08108101231080228, 0.44219573530561074]","[-0.7718561732239898, 0.07676321053027657, 0.4736906002593537]","[-0.6992912274033066, 0.07946648884597718, 0.4163632040219982, -0.13267943212103858, -0.05786577974543012, 0.6566497327163267, 0.740174876870372]","[-0.04, -0.02, -0.02, 0.2617993877991494, 0.2617993877991494, 0]",0,0,0
