Environment,f0_proximal,f0_distal,f1_proximal,f1_distal,f2_proximal,f2_distal,slip,drop,stem_moved,success_or_failure,apple wrt baselink,calix wrt baselink,stem wrt baselink,stem socket wrt baselink,eef_wrt_baselink,noise_wrt_tool
apple_proxy,0,1,0,1,0,1,n,n,n,s,"[-0.7833562501531787, 0.08859854733368333, 0.3527369174868822]","[-0.7807619826377141, 0.08683571055046474, 0.32241872669656724]","[-0.7859505176686432, 0.09036138411690192, 0.38305510827719713]","[-0.8013372669174796, 0.09476279174104713, 0.4410630399826423]","[-0.7779264837228241, 0.09094063496375737, 0.3382178231432327, -0.05379936700051809, -0.17405901208232236, 0.9722699570436051, 0.14662952995115397]","[-0.005, 0.0, -0.01, -0.17453292519943295, 0.08726646259971647, 0]",0,0,0
