Environment,f0_proximal,f0_distal,f1_proximal,f1_distal,f2_proximal,f2_distal,slip,drop,stem_moved,success_or_failure,apple wrt baselink,calix wrt baselink,stem wrt baselink,stem socket wrt baselink,eef_wrt_baselink,noise_wrt_tool
apple_proxy,0,1,0,1,0,1,n,n,n,s,"[-0.7780338157597151, 0.09727189295245131, 0.35525247292995776]","[-0.7707241947671188, 0.09647701154627092, 0.3267654953140362]","[-0.7853434367523112, 0.0980667743586317, 0.38373945054587955]","[-0.8011740445842234, 0.09486247382969393, 0.44488657482641014]","[-0.7774600235435765, 0.0994097831348924, 0.3508250696010684, -0.02897494007953068, -0.23118795453144836, 0.9652397979475877, 0.11842598948310812]","[0.003, -0.015, -0.01, 0.0, 0.0, 0]",0,0,0
