Environment,f0_proximal,f0_distal,f1_proximal,f1_distal,f2_proximal,f2_distal,slip,drop,stem_moved,success_or_failure,apple wrt baselink,calix wrt baselink,stem wrt baselink,stem socket wrt baselink,eef_wrt_baselink,noise_wrt_tool
apple_proxy,0,1,0,1,0,1,y,n,y,f,"[-0.7428864674177627, 0.07153731801843582, 0.36373179981625325]","[-0.7299963155943767, 0.06908196209338291, 0.33576710664393183]","[-0.7557766192411486, 0.07399267394348863, 0.3916964929885747]","[-0.7829811350830906, 0.07350798458325647, 0.44733957042037553]","[-0.712933742723252, 0.04374872487253245, 0.34595459477399815, 0.1880137961724067, -0.2513973604872974, 0.8255513785506203, 0.4689510645707427]","[-0.04, 0.0, -0.015, 0.2617993877991494, -0.5235987755982988, 0]",0,0,0
