Environment,f0_proximal,f0_distal,f1_proximal,f1_distal,f2_proximal,f2_distal,slip,drop,stem_moved,success_or_failure,apple wrt baselink,calix wrt baselink,stem wrt baselink,stem socket wrt baselink,eef_wrt_baselink,noise_wrt_tool
apple_proxy,0,1,0,1,0,1,y,n,y,s,"[-0.7235235680020062, 0.08943417680643562, 0.3868206280221358]","[-0.7068487084387745, 0.08566694134786346, 0.3570655944366141]","[-0.7401984275652382, 0.09320141226500783, 0.41657566160765747]","[-0.7767318098390705, 0.09685241827155439, 0.46104466882902506]","[-0.7109500103637973, 0.08543216586384056, 0.3772413379553332, 0.08146291099520564, -0.08017676432409256, 0.946048496063933, 0.30319585038367214]","[-0.013, 0.0, -0.005, 0.08726646259971647, -0.17453292519943295, 0]",0,0,0
