Environment,f0_proximal,f0_distal,f1_proximal,f1_distal,f2_proximal,f2_distal,slip,drop,stem_moved,success_or_failure,apple wrt baselink,calix wrt baselink,stem wrt baselink,stem socket wrt baselink,eef_wrt_baselink,noise_wrt_tool
apple_proxy,0,1,0,1,0,1,y,n,y,s,"[-0.7573939157523368, 0.08876032176017151, 0.36238209472654526]","[-0.7459137662603808, 0.08594822741814351, 0.33417048412084394]","[-0.7688740652442928, 0.09157241610219952, 0.3905937053322466]","[-0.7892726637499042, 0.093283765584807, 0.44662423932330775]","[-0.74276697810005, 0.0920920204466526, 0.35379102829527476, -0.352464138286611, -0.5685649652162335, 0.634788796961766, 0.3867119015525324]","[-0.005, 0.007, -0.01, 0.0, 0.08726646259971647, 0]",0,0,0
