Environment,f0_proximal,f0_distal,f1_proximal,f1_distal,f2_proximal,f2_distal,slip,drop,stem_moved,success_or_failure,apple wrt baselink,calix wrt baselink,stem wrt baselink,stem socket wrt baselink,eef_wrt_baselink,noise_wrt_tool
apple_proxy,1,1,0,1,0,1,y,n,y,f,"[-0.6932567040436062, 0.08490453995407093, 0.42076962720109923]","[-0.6680406419120177, 0.08046658633249898, 0.4011848331377308]","[-0.7184727661751945, 0.08934249357564278, 0.44035442126446744]","[-0.76923046398029, 0.0841927775105108, 0.4744295842864408]","[-0.6741667955916497, 0.0748404371218877, 0.41179209442236564, -0.003677917086190305, -0.1696972268030874, 0.825914265261925, 0.5376383083245693]","[-0.02, -0.007, -0.005, -0.13962634015954636, -0.13962634015954636, 0]",0,0,0
