Environment,f0_proximal,f0_distal,f1_proximal,f1_distal,f2_proximal,f2_distal,slip,drop,stem_moved,success_or_failure,apple wrt baselink,calix wrt baselink,stem wrt baselink,stem socket wrt baselink,eef_wrt_baselink,noise_wrt_tool
apple_proxy,0,1,0,1,0,1,n,n,y,s,"[-0.7246418948254503, 0.07494178984951994, 0.38827432165939424]","[-0.709762159566564, 0.0737336499703869, 0.35993477752166525]","[-0.7395216300843368, 0.07614992972865298, 0.41661386579712323]","[-0.7768553338416527, 0.072335970655028, 0.4615338104778328]","[-0.7158094430942309, 0.06912471414457244, 0.363516311117972, -0.1126704477910313, -0.2948512067573453, 0.9036653550821185, 0.2894081237502073]","[-0.01, 0.0, -0.02, -0.5235987755982988, 0.0, 0]",0,0,0
