Environment,f0_proximal,f0_distal,f1_proximal,f1_distal,f2_proximal,f2_distal,slip,drop,stem_moved,success_or_failure,apple wrt baselink,calix wrt baselink,stem wrt baselink,stem socket wrt baselink,eef_wrt_baselink,noise_wrt_tool
apple_proxy,0,1,0,1,0,1,n,n,n,s,"[-0.779308652262608, 0.08624122013141106, 0.3570333560426724]","[-0.771992584020297, 0.08032075207637268, 0.32869913452620514]","[-0.7866247205049192, 0.09216168818644932, 0.3853675775591394]","[-0.7946767203795074, 0.09343015758044027, 0.4446335154407577]","[-0.7811295708402817, 0.08874516878302285, 0.3423595995013746, -0.04261699174482334, 0.010477588908509253, 0.9706249906768433, 0.23656106953356645]","[0.003, 0.0, -0.01, 0.08726646259971647, 0.08726646259971647, 0]",0,0,0
