Environment,f0_proximal,f0_distal,f1_proximal,f1_distal,f2_proximal,f2_distal,slip,drop,stem_moved,success_or_failure,apple wrt baselink,calix wrt baselink,stem wrt baselink,stem socket wrt baselink,eef_wrt_baselink,noise_wrt_tool
apple_proxy,0,0,0,1,1,1,y,n,y,f,"[-0.758859863252031, 0.09046490950394914, 0.3618411913548947]","[-0.7520775112135185, 0.08911394515572768, 0.341543656312012]","[-0.7656422152905435, 0.09181587385217055, 0.38213872639777735]","[-0.7945162752906394, 0.09869917890556357, 0.45210208082725045]","[-0.8024237348663579, 0.09294254362217769, 0.3416620860625639, -0.28188843077449904, -0.22857612468058278, -0.4111567085922282, 0.8362069294146656]","[-0.04, -0.01, -0.02, 0.0, -0.5235987755982988, 0]",0,0,0
