Environment,f0_proximal,f0_distal,f1_proximal,f1_distal,f2_proximal,f2_distal,slip,drop,stem_moved,success_or_failure,apple wrt baselink,calix wrt baselink,stem wrt baselink,stem socket wrt baselink,eef_wrt_baselink,noise_wrt_tool
apple_proxy,0,1,0,1,0,1,y,n,n,f,"[-0.702873488684584, 0.07507395859513821, 0.41759248011587613]","[-0.6794571703260887, 0.07286319108317524, 0.4002490975950228]","[-0.7262898070430794, 0.07728472610710113, 0.43493586263672945]","[-0.7719763049709377, 0.07196746613375321, 0.46880890367161165]","[-0.6897401724782305, 0.04643747287836775, 0.3901619267096066, -0.13693326622615665, -0.18393354413406504, 0.49910674844397707, 0.8356495590859846]","[-0.03, 0.015, -0.02, 0.30543261909900765, 0.30543261909900765, 0]",0,0,0
