Environment,f0_proximal,f0_distal,f1_proximal,f1_distal,f2_proximal,f2_distal,slip,drop,stem_moved,success_or_failure,apple wrt baselink,calix wrt baselink,stem wrt baselink,stem socket wrt baselink,eef_wrt_baselink,noise_wrt_tool
apple_proxy,0,1,0,1,0,1,y,n,y,s,"[-0.7728416607121384, 0.09610090301194713, 0.3582819394958181]","[-0.7688221513046398, 0.09644116225039323, 0.32672260139443243]","[-0.7768611701196371, 0.09576064377350113, 0.389841277597204]","[-0.7987124701223758, 0.09832805796284383, 0.4427707601685771]","[-0.7675664428711461, 0.08422173062676697, 0.33748835041728653, 0.054345681244288464, -0.21749854027324322, 0.8487790861327228, 0.47886845255540045]","[-0.01, 0.01, -0.015, -0.2617993877991494, -0.2617993877991494, 0]",0,0,0
