Environment,f0_proximal,f0_distal,f1_proximal,f1_distal,f2_proximal,f2_distal,slip,drop,stem_moved,success_or_failure,apple wrt baselink,calix wrt baselink,stem wrt baselink,stem socket wrt baselink,eef_wrt_baselink,noise_wrt_tool
apple_proxy,0,1,0,1,0,1,y,n,y,f,"[-0.7195013353047428, 0.06962021326200751, 0.39725606515439327]","[-0.7015083071146369, 0.06596781088285197, 0.3733167682951317]","[-0.7374943634948489, 0.07327261564116316, 0.4211953620136546]","[-0.7781540289518656, 0.0749682361403925, 0.46128948933734315]","[-0.6836088154091693, 0.07909000474884786, 0.39044958608258495, -0.04181950727751396, -0.2634721527913723, 0.8801398309528077, 0.392667074612718]","[-0.025, -0.02, -0.015, 0.0, 0.0, 0]",0,0,0
