Environment,f0_proximal,f0_distal,f1_proximal,f1_distal,f2_proximal,f2_distal,slip,drop,stem_moved,success_or_failure,apple wrt baselink,calix wrt baselink,stem wrt baselink,stem socket wrt baselink,eef_wrt_baselink,noise_wrt_tool
apple_proxy,0,1,0,1,0,1,y,n,n,s,"[-0.7990712031761298, 0.09300704111637131, 0.34892952770321073]","[-0.7970269317372838, 0.08968629600579137, 0.3186276446813079]","[-0.8011154746149756, 0.09632778622695132, 0.37923141072511335]","[-0.8029769369298136, 0.09612079090587983, 0.4450069339851057]","[-0.7990632773793441, 0.09190759315123648, 0.344433070265469, -0.10448129249048184, 0.002049612174011507, -0.017058599103412436, 0.9943784303805492]","[-0.013, -0.015, -0.005, 0.0, -0.08726646259971647, 0]",0,0,0
