Environment,f0_proximal,f0_distal,f1_proximal,f1_distal,f2_proximal,f2_distal,slip,drop,stem_moved,success_or_failure,apple wrt baselink,calix wrt baselink,stem wrt baselink,stem socket wrt baselink,eef_wrt_baselink,noise_wrt_tool
apple_proxy,0,1,1,1,1,1,y,n,y,f,"[-0.7456257773109659, 0.08357250830060048, 0.37141634815184177]","[-0.733195358811449, 0.07677720759428835, 0.3407454599614408]","[-0.7580561958104828, 0.0903678090069126, 0.40208723634224297]","[-0.7862057694165702, 0.09587346533444896, 0.4512879006210333]","[-0.7370700012690625, 0.08428831848290158, 0.36125954503236013, -0.3252749501023435, -0.5574858161365747, 0.698506422587101, 0.3090219235702011]","[-0.005, 0.007, -0.005, -0.17453292519943295, 0.08726646259971647, 0]",0,0,0
