Environment,f0_proximal,f0_distal,f1_proximal,f1_distal,f2_proximal,f2_distal,slip,drop,stem_moved,success_or_failure,apple wrt baselink,calix wrt baselink,stem wrt baselink,stem socket wrt baselink,eef_wrt_baselink,noise_wrt_tool
apple_proxy,0,1,0,1,0,1,y,n,y,f,"[-0.7424008199219374, 0.07424952727674172, 0.3679642767594751]","[-0.7307374301048717, 0.072395701147844, 0.33944254321983847]","[-0.7540642097390031, 0.0761033534056395, 0.3964860102991117]","[-0.7806582682294131, 0.0729938104619488, 0.4514184533173127]","[-0.7275010056072753, 0.09318626577685207, 0.3594531917764101, -0.10022867965798883, -0.5645210372544895, 0.6273811741160361, 0.5269374466062526]","[0.005, 0.0, -0.02, 0.0, 0.0, 0]",0,0,0
