Environment,f0_proximal,f0_distal,f1_proximal,f1_distal,f2_proximal,f2_distal,slip,drop,stem_moved,success_or_failure,apple wrt baselink,calix wrt baselink,stem wrt baselink,stem socket wrt baselink,eef_wrt_baselink,noise_wrt_tool
apple_proxy,0,1,0,1,0,1,n,n,n,s,"[-0.7190133946823674, 0.08938932139270073, 0.39784110886337687]","[-0.7010504070394854, 0.0886197719644517, 0.37206514384668843]","[-0.7369763823252492, 0.09015887082094964, 0.4236170738800651]","[-0.7735038958208084, 0.08579299874399854, 0.46597165023245823]","[-0.7140070659288251, 0.0773135526619198, 0.38180040452073816, -0.18113979593283108, -0.20712926813978214, 0.7774945345347611, 0.5654980896323765]","[-0.013, 0.007, -0.01, 0.0, 0.0, 0]",0,0,0
