Environment,f0_proximal,f0_distal,f1_proximal,f1_distal,f2_proximal,f2_distal,slip,drop,stem_moved,success_or_failure,apple wrt baselink,calix wrt baselink,stem wrt baselink,stem socket wrt baselink,eef_wrt_baselink,noise_wrt_tool
apple_proxy,0,1,0,1,0,1,y,n,n,f,"[-0.7251714586751096, 0.06516988915204158, 0.38886237801581447]","[-0.7118332994451824, 0.06379600353135717, 0.36384907864984095]","[-0.7385096179050368, 0.0665437747727261, 0.41387567738178777]","[-0.7766303722729084, 0.0642587885166952, 0.45679285223472244]","[-0.696748814144786, 0.037061945778782523, 0.36895483107274907, -0.08050101890196396, 0.13868000727953828, 0.8963457282181417, 0.41334220331558574]","[-0.04, 0.0, -0.015, 0.2617993877991494, 0.2617993877991494, 0]",0,0,0
