Environment,f0_proximal,f0_distal,f1_proximal,f1_distal,f2_proximal,f2_distal,slip,drop,stem_moved,success_or_failure,apple wrt baselink,calix wrt baselink,stem wrt baselink,stem socket wrt baselink,eef_wrt_baselink,noise_wrt_tool
apple_proxy,0,1,0,1,0,1,y,n,y,s,"[-0.7573466640042732, 0.07754942185289332, 0.36544745826380276]","[-0.7484453393045309, 0.07804210852177729, 0.33329126011700394]","[-0.7662479887040156, 0.07705673518400935, 0.3976036564106016]","[-0.7871015886563465, 0.07997302294067588, 0.4493092723851231]","[-0.7375886658508971, 0.09121810028148691, 0.3498532141092321, 0.025241164773906786, -0.4228849758650439, 0.7310470969671744, 0.5348844013470074]","[0.005, -0.02, -0.015, -0.5235987755982988, -0.5235987755982988, 0]",0,0,0
