Environment,f0_proximal,f0_distal,f1_proximal,f1_distal,f2_proximal,f2_distal,slip,drop,stem_moved,success_or_failure,apple wrt baselink,calix wrt baselink,stem wrt baselink,stem socket wrt baselink,eef_wrt_baselink,noise_wrt_tool
apple_proxy,0,1,0,1,0,1,y,n,y,s,"[-0.7589877802054927, 0.0781936285919213, 0.3607599799854111]","[-0.7516909286490427, 0.0741757295484024, 0.3275180089851386]","[-0.7662846317619425, 0.08221152763544026, 0.3940019509856838]","[-0.7927728548009414, 0.0769969182071415, 0.44347940474982894]","[-0.7435831912673682, 0.07310926812047541, 0.34469423999261006, -0.06357509442831846, -0.605875939662187, 0.6104561360207413, 0.5061776951837383]","[-0.01, 0.0, -0.015, -0.5235987755982988, -0.5235987755982988, 0]",0,0,0
