Environment,f0_proximal,f0_distal,f1_proximal,f1_distal,f2_proximal,f2_distal,slip,drop,stem_moved,success_or_failure,apple wrt baselink,calix wrt baselink,stem wrt baselink,stem socket wrt baselink,eef_wrt_baselink,noise_wrt_tool
apple_proxy,0,1,0,1,0,1,n,n,y,s,"[-0.7780338157597151, 0.09727189295245131, 0.35525247292995776]","[-0.7707241947671188, 0.09647701154627092, 0.3267654953140362]","[-0.7853434367523112, 0.0980667743586317, 0.38373945054587955]","[-0.8011740445842234, 0.09486247382969393, 0.44488657482641014]","[-0.775534019425437, 0.09845420025827684, 0.3509915454247081, -0.15297722137808872, -0.24913789382722024, 0.8151310424167344, 0.5000896552493225]","[-0.02, 0.0, -0.005, 0.08726646259971647, -0.08726646259971647, 0]",0,0,0
