Environment,f0_proximal,f0_distal,f1_proximal,f1_distal,f2_proximal,f2_distal,slip,drop,stem_moved,success_or_failure,apple wrt baselink,calix wrt baselink,stem wrt baselink,stem socket wrt baselink,eef_wrt_baselink,noise_wrt_tool
apple_proxy,0,1,0,1,0,1,y,n,y,f,"[-0.7424008199219374, 0.07424952727674172, 0.3679642767594751]","[-0.7307374301048717, 0.072395701147844, 0.33944254321983847]","[-0.7540642097390031, 0.0761033534056395, 0.3964860102991117]","[-0.7806582682294131, 0.0729938104619488, 0.4514184533173127]","[-0.6985419127750395, 0.058800739564130455, 0.35958083038375754, 0.38449691432552896, 0.6390834407189884, -0.5145584321200932, -0.4230414856808251]","[-0.04, 0.0, -0.02, -0.5235987755982988, 0.2617993877991494, 0]",0,0,0
