Environment,f0_proximal,f0_distal,f1_proximal,f1_distal,f2_proximal,f2_distal,slip,drop,stem_moved,success_or_failure,apple wrt baselink,calix wrt baselink,stem wrt baselink,stem socket wrt baselink,eef_wrt_baselink,noise_wrt_tool
apple_proxy,0,1,0,1,0,0,y,n,y,s,"[-0.7246418948254503, 0.07494178984951994, 0.38827432165939424]","[-0.709762159566564, 0.0737336499703869, 0.35993477752166525]","[-0.7395216300843368, 0.07614992972865298, 0.41661386579712323]","[-0.7768553338416527, 0.072335970655028, 0.4615338104778328]","[-0.7157634139827644, 0.06763544228760265, 0.36681683780500074, 0.11918440792660222, -0.11528819236558412, 0.9827447790657541, 0.08195369928968853]","[-0.01, 0.01, -0.015, 0.0, -0.2617993877991494, 0]",0,0,0
