Environment,f0_proximal,f0_distal,f1_proximal,f1_distal,f2_proximal,f2_distal,slip,drop,stem_moved,success_or_failure,apple wrt baselink,calix wrt baselink,stem wrt baselink,stem socket wrt baselink,eef_wrt_baselink,noise_wrt_tool
apple_proxy,0,1,0,1,0,1,y,n,n,s,"[-0.7457701705982775, 0.08887756137067837, 0.37187199650690905]","[-0.737399113159609, 0.08694509527807714, 0.3395125039453166]","[-0.7541412280369459, 0.09081002746327954, 0.4042314890685015]","[-0.7802658444613271, 0.08915992498844277, 0.45792401123389737]","[-0.7474779649451525, 0.09155467783317972, 0.3554169474637119, -0.09022769873745223, -0.22435010414809045, 0.9277779325881687, 0.28417266045787964]","[0.003, 0.007, -0.01, 0.0, 0.0, 0]",0,0,0
