Environment,f0_proximal,f0_distal,f1_proximal,f1_distal,f2_proximal,f2_distal,slip,drop,stem_moved,success_or_failure,apple wrt baselink,calix wrt baselink,stem wrt baselink,stem socket wrt baselink,eef_wrt_baselink,noise_wrt_tool
apple_proxy,0,1,0,1,0,1,y,n,y,s,"[-0.7493576107705057, 0.06617583011754291, 0.36549241573326063]","[-0.7400360927693511, 0.06658189003584825, 0.3364981918939691]","[-0.7586791287716602, 0.0657697701992378, 0.39448663957255214]","[-0.7865025693759877, 0.062315000478923355, 0.4517314224873823]","[-0.7596742420374356, 0.04765330547865154, 0.3532557611065341, -0.23721404561113893, 0.0941721177793696, -0.16664123137153047, 0.9524136752507948]","[-0.01, -0.01, -0.015, 0.0, 0.2617993877991494, 0]",0,0,0
