Environment,f0_proximal,f0_distal,f1_proximal,f1_distal,f2_proximal,f2_distal,slip,drop,stem_moved,success_or_failure,apple wrt baselink,calix wrt baselink,stem wrt baselink,stem socket wrt baselink,eef_wrt_baselink,noise_wrt_tool
apple_proxy,0,1,0,1,0,1,n,n,n,s,"[-0.776899491334415, 0.08539993336152163, 0.35450446827702886]","[-0.7751133512817043, 0.0808254291199984, 0.3230295044255518]","[-0.7786856313871258, 0.08997443760304474, 0.38597943212850616]","[-0.7993552919494811, 0.09607506197709442, 0.44356828925396985]","[-0.7676989010816169, 0.10149899548320562, 0.35221089729519983, 0.059974842147638145, -0.2785498812996574, 0.9477769556608276, 0.14328930265587675]","[-0.005, -0.015, -0.005, -0.08726646259971647, -0.17453292519943295, 0]",0,0,0
