Environment,f0_proximal,f0_distal,f1_proximal,f1_distal,f2_proximal,f2_distal,slip,drop,stem_moved,success_or_failure,apple wrt baselink,calix wrt baselink,stem wrt baselink,stem socket wrt baselink,eef_wrt_baselink,noise_wrt_tool
apple_proxy,0,1,0,1,0,1,n,n,y,s,"[-0.7383104419140104, 0.06533923983977341, 0.3729597522864634]","[-0.7264504968508216, 0.06320183836006588, 0.34566292009712685]","[-0.7501703869771992, 0.06747664131948089, 0.40025658447580015]","[-0.782015003760469, 0.06266303415487762, 0.4482272909195901]","[-0.736177092103313, 0.0759844297169282, 0.3555772420705685, -0.08219797866853286, -0.08892131904384867, 0.9691001910771565, 0.21489837360140687]","[0.005, 0.0, -0.015, 0.2617993877991494, 0.0, 0]",0,0,0
