Environment,f0_proximal,f0_distal,f1_proximal,f1_distal,f2_proximal,f2_distal,slip,drop,stem_moved,success_or_failure,apple wrt baselink,calix wrt baselink,stem wrt baselink,stem socket wrt baselink,eef_wrt_baselink,noise_wrt_tool
apple_proxy,0,1,0,1,0,1,n,n,n,s,"[-0.776899491334415, 0.08539993336152163, 0.35450446827702886]","[-0.7751133512817043, 0.0808254291199984, 0.3230295044255518]","[-0.7786856313871258, 0.08997443760304474, 0.38597943212850616]","[-0.7993552919494811, 0.09607506197709442, 0.44356828925396985]","[-0.7782486122130837, 0.09355160931258144, 0.3450042736575716, 0.04026793551455165, 0.0068175786168262805, 0.9979260463323749, 0.04975560312804165]","[0.003, -0.007, -0.005, 0.08726646259971647, -0.08726646259971647, 0]",0,0,0
