Environment,f0_proximal,f0_distal,f1_proximal,f1_distal,f2_proximal,f2_distal,slip,drop,stem_moved,success_or_failure,apple wrt baselink,calix wrt baselink,stem wrt baselink,stem socket wrt baselink,eef_wrt_baselink,noise_wrt_tool
apple_proxy,0,1,0,1,1,1,n,n,n,s,"[-0.779308652262608, 0.08624122013141106, 0.3570333560426724]","[-0.771992584020297, 0.08032075207637268, 0.32869913452620514]","[-0.7866247205049192, 0.09216168818644932, 0.3853675775591394]","[-0.7946767203795074, 0.09343015758044027, 0.4446335154407577]","[-0.7662166273726059, 0.09956397406277234, 0.35614940336067535, 0.005968674653557444, -0.31863462205013404, 0.9223656410553598, 0.21835287210015106]","[-0.005, -0.015, -0.005, -0.08726646259971647, -0.17453292519943295, 0]",0,0,0
