Environment,f0_proximal,f0_distal,f1_proximal,f1_distal,f2_proximal,f2_distal,slip,drop,stem_moved,success_or_failure,apple wrt baselink,calix wrt baselink,stem wrt baselink,stem socket wrt baselink,eef_wrt_baselink,noise_wrt_tool
apple_proxy,0,0,0,1,0,1,y,n,y,f,"[-0.7552345128067542, 0.07716945865485542, 0.3600347417777241]","[-0.7464252641829527, 0.07444346924773965, 0.3325582407301231]","[-0.7640437614305559, 0.07989544806197113, 0.3875112428253249]","[-0.7939762263818713, 0.07888586188557883, 0.44347113767190294]","[-0.7118708784849359, 0.09097409282507102, 0.33643584311277386, 0.0013233883683065797, -0.29162226783248957, 0.9558397219218523, -0.03640230135334752]","[-0.04, -0.02, -0.02, -0.5235987755982988, 0.0, 0]",0,0,0
