Environment,f0_proximal,f0_distal,f1_proximal,f1_distal,f2_proximal,f2_distal,slip,drop,stem_moved,success_or_failure,apple wrt baselink,calix wrt baselink,stem wrt baselink,stem socket wrt baselink,eef_wrt_baselink,noise_wrt_tool
apple_proxy,0,1,0,1,0,1,y,n,y,s,"[-0.6985780701550057, 0.07306239669759451, 0.41515388963666067]","[-0.6756715010778244, 0.07071211638805514, 0.3940188159949194]","[-0.7214846392321872, 0.07541267700713394, 0.4362889632784017]","[-0.7726702259095255, 0.07284365542708032, 0.470746512036337]","[-0.690154044725404, 0.0874626874705769, 0.3957069455364064, 0.13006934578921317, -0.2770849805246639, 0.9107986361220531, 0.2770410137359119]","[0.005, 0.0, -0.02, 0.2617993877991494, -0.5235987755982988, 0]",0,0,0
