Environment,f0_proximal,f0_distal,f1_proximal,f1_distal,f2_proximal,f2_distal,slip,drop,stem_moved,success_or_failure,apple wrt baselink,calix wrt baselink,stem wrt baselink,stem socket wrt baselink,eef_wrt_baselink,noise_wrt_tool
apple_proxy,0,1,0,1,0,0,y,n,y,s,"[-0.7250246623076424, 0.08789680758809243, 0.3852348682093407]","[-0.7096823181433836, 0.08452829799080791, 0.3606485166336064]","[-0.7403670064719012, 0.091265317185377, 0.4098212197850748]","[-0.7754585827880021, 0.09430519130298154, 0.46483042005046293]","[-0.7142349325251787, 0.09325585067820308, 0.3799118733824922, 0.00791707275680803, -0.2621259405637724, 0.9026069096404095, 0.34136209208392226]","[-0.005, -0.007, -0.005, 0.0, -0.17453292519943295, 0]",0,0,0
