Environment,f0_proximal,f0_distal,f1_proximal,f1_distal,f2_proximal,f2_distal,slip,drop,stem_moved,success_or_failure,apple wrt baselink,calix wrt baselink,stem wrt baselink,stem socket wrt baselink,eef_wrt_baselink,noise_wrt_tool
apple_proxy,0,1,0,1,0,1,y,n,y,s,"[-0.758859863252031, 0.09046490950394914, 0.3618411913548947]","[-0.7520775112135185, 0.08911394515572768, 0.341543656312012]","[-0.7656422152905435, 0.09181587385217055, 0.38213872639777735]","[-0.7945162752906394, 0.09869917890556357, 0.45210208082725045]","[-0.7696963140521998, 0.07163668103478105, 0.35103145540108205, -0.4146206711387035, 0.010383849080199155, -0.02397079064382538, 0.9096193027518061]","[-0.01, -0.01, -0.015, -0.2617993877991494, 0.0, 0]",0,0,0
