Environment,f0_proximal,f0_distal,f1_proximal,f1_distal,f2_proximal,f2_distal,slip,drop,stem_moved,success_or_failure,apple wrt baselink,calix wrt baselink,stem wrt baselink,stem socket wrt baselink,eef_wrt_baselink,noise_wrt_tool
apple_proxy,0,1,0,1,0,1,y,n,y,f,"[-0.7589877802054927, 0.0781936285919213, 0.3607599799854111]","[-0.7516909286490427, 0.0741757295484024, 0.3275180089851386]","[-0.7662846317619425, 0.08221152763544026, 0.3940019509856838]","[-0.7927728548009414, 0.0769969182071415, 0.44347940474982894]","[-0.7303404576467749, 0.06494569667412775, 0.3500214017879215, -0.23284695563644423, -0.33860566698668343, 0.836496804439632, 0.36249357745707494]","[-0.025, -0.01, -0.015, -0.2617993877991494, 0.0, 0]",0,0,0
