Environment,f0_proximal,f0_distal,f1_proximal,f1_distal,f2_proximal,f2_distal,slip,drop,stem_moved,success_or_failure,apple wrt baselink,calix wrt baselink,stem wrt baselink,stem socket wrt baselink,eef_wrt_baselink,noise_wrt_tool
apple_proxy,0,0,0,0,0,1,y,n,n,f,"[-0.758859863252031, 0.09046490950394914, 0.3618411913548947]","[-0.7520775112135185, 0.08911394515572768, 0.341543656312012]","[-0.7656422152905435, 0.09181587385217055, 0.38213872639777735]","[-0.7945162752906394, 0.09869917890556357, 0.45210208082725045]","[-0.7990092596066292, 0.08683877191969824, 0.33563724438874076, -0.2889641498345908, 0.04526744197365679, 0.10071966417798811, 0.9509501185947707]","[-0.04, 0.01, -0.02, 0.0, 0.0, 0]",0,0,0
