Environment,f0_proximal,f0_distal,f1_proximal,f1_distal,f2_proximal,f2_distal,slip,drop,stem_moved,success_or_failure,apple wrt baselink,calix wrt baselink,stem wrt baselink,stem socket wrt baselink,eef_wrt_baselink,noise_wrt_tool
apple_proxy,0,1,0,1,0,0,y,n,y,s,"[-0.758859863252031, 0.09046490950394914, 0.3618411913548947]","[-0.7520775112135185, 0.08911394515572768, 0.341543656312012]","[-0.7656422152905435, 0.09181587385217055, 0.38213872639777735]","[-0.7945162752906394, 0.09869917890556357, 0.45210208082725045]","[-0.7553057451939843, 0.059792470020757715, 0.35248623622858233, -0.5028622596481032, 0.13804750976030547, -0.15515903809592504, 0.8390459497356096]","[0.005, -0.02, -0.02, -0.5235987755982988, 0.2617993877991494, 0]",0,0,0
