Environment,f0_proximal,f0_distal,f1_proximal,f1_distal,f2_proximal,f2_distal,slip,drop,stem_moved,success_or_failure,apple wrt baselink,calix wrt baselink,stem wrt baselink,stem socket wrt baselink,eef_wrt_baselink,noise_wrt_tool
apple_proxy,0,1,0,1,0,1,y,n,y,s,"[-0.7493576107705057, 0.06617583011754291, 0.36549241573326063]","[-0.7400360927693511, 0.06658189003584825, 0.3364981918939691]","[-0.7586791287716602, 0.0657697701992378, 0.39448663957255214]","[-0.7865025693759877, 0.062315000478923355, 0.4517314224873823]","[-0.7593980902621835, 0.06492877966822619, 0.3432491206246817, -0.13107538996707901, 0.0016383922273727608, -0.00909521190058669, 0.9913293271846507]","[-0.01, 0.01, -0.015, 0.2617993877991494, 0.0, 0]",0,0,0
