Environment,f0_proximal,f0_distal,f1_proximal,f1_distal,f2_proximal,f2_distal,slip,drop,stem_moved,success_or_failure,apple wrt baselink,calix wrt baselink,stem wrt baselink,stem socket wrt baselink,eef_wrt_baselink,noise_wrt_tool
apple_proxy,0,1,0,1,0,1,y,n,n,f,"[-0.7457701705982775, 0.08887756137067837, 0.37187199650690905]","[-0.737399113159609, 0.08694509527807714, 0.3395125039453166]","[-0.7541412280369459, 0.09081002746327954, 0.4042314890685015]","[-0.7802658444613271, 0.08915992498844277, 0.45792401123389737]","[-0.7308946330940265, 0.09601490784622096, 0.36273417989126067, -0.01485663053853079, -0.12997614551250586, 0.8696524557436254, 0.4760147984525651]","[-0.005, -0.015, -0.005, -0.17453292519943295, -0.08726646259971647, 0]",0,0,0
