Environment,f0_proximal,f0_distal,f1_proximal,f1_distal,f2_proximal,f2_distal,slip,drop,stem_moved,success_or_failure,apple wrt baselink,calix wrt baselink,stem wrt baselink,stem socket wrt baselink,eef_wrt_baselink,noise_wrt_tool
apple_proxy,0,1,0,1,0,1,y,n,y,s,"[-0.7250246623076424, 0.08789680758809243, 0.3852348682093407]","[-0.7096823181433836, 0.08452829799080791, 0.3606485166336064]","[-0.7403670064719012, 0.091265317185377, 0.4098212197850748]","[-0.7754585827880021, 0.09430519130298154, 0.46483042005046293]","[-0.7281632605643905, 0.08880359611721744, 0.37341888302511306, -0.08042780010778325, -0.17735098977666877, 0.8882456917051165, 0.4160499808464832]","[0.003, 0.007, -0.005, 0.08726646259971647, 0.08726646259971647, 0]",0,0,0
