Environment,f0_proximal,f0_distal,f1_proximal,f1_distal,f2_proximal,f2_distal,slip,drop,stem_moved,success_or_failure,apple wrt baselink,calix wrt baselink,stem wrt baselink,stem socket wrt baselink,eef_wrt_baselink,noise_wrt_tool
apple_proxy,0,1,0,1,0,1,y,n,n,f,"[-0.7195013353047428, 0.06962021326200751, 0.39725606515439327]","[-0.7015083071146369, 0.06596781088285197, 0.3733167682951317]","[-0.7374943634948489, 0.07327261564116316, 0.4211953620136546]","[-0.7781540289518656, 0.0749682361403925, 0.46128948933734315]","[-0.6974732737900815, 0.03342826384343567, 0.37415420423437507, -0.13756629964881714, -0.14829846071701366, 0.5715508446536061, 0.795243806467958]","[-0.04, -0.01, -0.02, -0.2617993877991494, 0.0, 0]",0,0,0
