Environment,f0_proximal,f0_distal,f1_proximal,f1_distal,f2_proximal,f2_distal,slip,drop,stem_moved,success_or_failure,apple wrt baselink,calix wrt baselink,stem wrt baselink,stem socket wrt baselink,eef_wrt_baselink,noise_wrt_tool
apple_proxy,0,1,0,1,0,1,y,n,y,f,"[-0.7235235680020062, 0.08943417680643562, 0.3868206280221358]","[-0.7068487084387745, 0.08566694134786346, 0.3570655944366141]","[-0.7401984275652382, 0.09320141226500783, 0.41657566160765747]","[-0.7767318098390705, 0.09685241827155439, 0.46104466882902506]","[-0.6984451534452563, 0.08552925005104389, 0.3779566535030514, 0.04993402092854051, -0.10279994003290689, 0.9272059022166901, 0.3566903149479577]","[-0.02, -0.015, -0.005, -0.08726646259971647, -0.17453292519943295, 0]",0,0,0
