Environment,f0_proximal,f0_distal,f1_proximal,f1_distal,f2_proximal,f2_distal,slip,drop,stem_moved,success_or_failure,apple wrt baselink,calix wrt baselink,stem wrt baselink,stem socket wrt baselink,eef_wrt_baselink,noise_wrt_tool
apple_proxy,0,1,0,1,0,1,n,n,n,s,"[-0.721053584922444, 0.09009733598195524, 0.39231387593571565]","[-0.7031903475128324, 0.08586077150112581, 0.365931888870495]","[-0.7389168223320555, 0.09433390046278478, 0.4186958630009363]","[-0.775771818910129, 0.09330252767930858, 0.4705748951054769]","[-0.718351724404149, 0.09070990974685267, 0.3881337366076396, -0.17146042067245046, -0.21534588483972036, 0.7523085561799114, 0.5985476675453031]","[-0.013, -0.007, -0.01, -0.17453292519943295, -0.08726646259971647, 0]",0,0,0
