Environment,f0_proximal,f0_distal,f1_proximal,f1_distal,f2_proximal,f2_distal,slip,drop,stem_moved,success_or_failure,apple wrt baselink,calix wrt baselink,stem wrt baselink,stem socket wrt baselink,eef_wrt_baselink,noise_wrt_tool
apple_proxy,0,1,0,1,0,1,y,n,y,f,"[-0.7383104419140104, 0.06533923983977341, 0.3729597522864634]","[-0.7264504968508216, 0.06320183836006588, 0.34566292009712685]","[-0.7501703869771992, 0.06747664131948089, 0.40025658447580015]","[-0.782015003760469, 0.06266303415487762, 0.4482272909195901]","[-0.6957399199667034, 0.05374139348910334, 0.36041899477741324, -0.05395558288008254, -0.24396599359404633, 0.8586770606222821, 0.44748530099526124]","[-0.04, -0.01, -0.015, 0.0, 0.0, 0]",0,0,0
