Environment,f0_proximal,f0_distal,f1_proximal,f1_distal,f2_proximal,f2_distal,slip,drop,stem_moved,success_or_failure,apple wrt baselink,calix wrt baselink,stem wrt baselink,stem socket wrt baselink,eef_wrt_baselink,noise_wrt_tool
apple_proxy,0,1,0,1,0,1,y,y,y,f,"[-0.6974078204745279, 0.08885978866354455, 0.4184725360895103]","[-0.6711567901380133, 0.08358898725798292, 0.3976206919973124]","[-0.7236588508110424, 0.09413059006910618, 0.43932438018170816]","[-0.7730766565153285, 0.09388913708561841, 0.47851689058725233]","[-0.6795558321331454, 0.0861465153093528, 0.41041589796630973, -0.2104192095691447, -0.4303992209941035, 0.7368715267835262, 0.47697025046399033]","[-0.013, 0.0, -0.01, 0.0, 0.08726646259971647, 0]",0,0,0
