Environment,f0_proximal,f0_distal,f1_proximal,f1_distal,f2_proximal,f2_distal,slip,drop,stem_moved,success_or_failure,apple wrt baselink,calix wrt baselink,stem wrt baselink,stem socket wrt baselink,eef_wrt_baselink,noise_wrt_tool
apple_proxy,0,1,1,1,1,1,y,n,y,f,"[-0.7021383378026876, 0.08701220107644952, 0.4198938187740968]","[-0.6782593675510156, 0.08050538324908135, 0.39739101271630095]","[-0.7260173080543597, 0.09351901890381781, 0.44239662483189246]","[-0.7682520671655743, 0.09044526853793505, 0.47252169778497755]","[-0.7034799983457669, 0.0809946187412981, 0.4082708472341916, 0.002328437526997652, -0.16918242296060693, 0.8192669625644771, 0.5478809452702648]","[-0.005, 0.007, -0.005, 0.0, -0.17453292519943295, 0]",0,0,0
