Environment,f0_proximal,f0_distal,f1_proximal,f1_distal,f2_proximal,f2_distal,slip,drop,stem_moved,success_or_failure,apple wrt baselink,calix wrt baselink,stem wrt baselink,stem socket wrt baselink,eef_wrt_baselink,noise_wrt_tool
apple_proxy,0,1,0,1,0,1,y,n,y,f,"[-0.6932567040436062, 0.08490453995407093, 0.42076962720109923]","[-0.6680406419120177, 0.08046658633249898, 0.4011848331377308]","[-0.7184727661751945, 0.08934249357564278, 0.44035442126446744]","[-0.76923046398029, 0.0841927775105108, 0.4744295842864408]","[-0.6832900034548496, 0.0763566674794589, 0.4060539493151152, 0.07127981060540041, -0.05375679403878954, 0.8411161147761566, 0.5334351667809257]","[-0.013, 0.0, -0.01, 0.13962634015954636, -0.13962634015954636, 0]",0,0,0
