Environment,f0_proximal,f0_distal,f1_proximal,f1_distal,f2_proximal,f2_distal,slip,drop,stem_moved,success_or_failure,apple wrt baselink,calix wrt baselink,stem wrt baselink,stem socket wrt baselink,eef_wrt_baselink,noise_wrt_tool
apple_proxy,0,0,0,0,0,0,n,n,n,f,"[-0.6984772095735297, 0.07321433486217716, 0.4256616845002281]","[-0.6765829836392336, 0.0730231762515895, 0.4047678399554504]","[-0.7203714355078258, 0.07340549347276476, 0.44655552904500584]","[-0.7734108118072744, 0.07622538229473147, 0.47485687374074637]","[-0.6532679909555565, 0.04524450404163094, 0.42662204230817347, -0.2014422826629383, -0.6478659250950911, 0.46315383897102275, 0.5702449222067946]","[-0.045, -0.02, -0.015, -0.6108652381980153, -0.30543261909900765, 0]",0,0,0
