Environment,f0_proximal,f0_distal,f1_proximal,f1_distal,f2_proximal,f2_distal,slip,drop,stem_moved,success_or_failure,apple wrt baselink,calix wrt baselink,stem wrt baselink,stem socket wrt baselink,eef_wrt_baselink,noise_wrt_tool
apple_proxy,0,1,0,1,0,1,n,n,n,s,"[-0.6974078204745279, 0.08885978866354455, 0.4184725360895103]","[-0.6711567901380133, 0.08358898725798292, 0.3976206919973124]","[-0.7236588508110424, 0.09413059006910618, 0.43932438018170816]","[-0.7730766565153285, 0.09388913708561841, 0.47851689058725233]","[-0.6860775690256309, 0.07139223405284922, 0.40787241095358606, -0.25642948332953525, -0.4494873265110338, 0.7086513696157253, 0.4796022307361263]","[-0.02, 0.007, -0.005, 0.08726646259971647, -0.17453292519943295, 0]",0,0,0
