Environment,f0_proximal,f0_distal,f1_proximal,f1_distal,f2_proximal,f2_distal,slip,drop,stem_moved,success_or_failure,apple wrt baselink,calix wrt baselink,stem wrt baselink,stem socket wrt baselink,eef_wrt_baselink,noise_wrt_tool
apple_proxy,0,0,0,0,0,0,n,n,n,f,"[-0.702873488684584, 0.07507395859513821, 0.41759248011587613]","[-0.6794571703260887, 0.07286319108317524, 0.4002490975950228]","[-0.7262898070430794, 0.07728472610710113, 0.43493586263672945]","[-0.7719763049709377, 0.07196746613375321, 0.46880890367161165]","[-0.669700855570496, 0.03401283802957322, 0.4224763979532138, -0.13710880978225756, -0.6899084441388166, 0.42874286293412645, 0.5669277471328265]","[-0.045, -0.02, -0.015, -0.30543261909900765, -0.6108652381980153, 0]",0,0,0
