Environment,f0_proximal,f0_distal,f1_proximal,f1_distal,f2_proximal,f2_distal,slip,drop,stem_moved,success_or_failure,apple wrt baselink,calix wrt baselink,stem wrt baselink,stem socket wrt baselink,eef_wrt_baselink,noise_wrt_tool
apple_proxy,0,1,0,1,0,1,n,n,n,s,"[-0.7833562501531787, 0.08859854733368333, 0.3527369174868822]","[-0.7807619826377141, 0.08683571055046474, 0.32241872669656724]","[-0.7859505176686432, 0.09036138411690192, 0.38305510827719713]","[-0.8013372669174796, 0.09476279174104713, 0.4410630399826423]","[-0.7736040024536434, 0.09386212570993846, 0.3468196062279758, -0.10821382385605746, -0.15737744280765237, 0.7465181333541712, 0.6373639348089755]","[0.003, -0.007, -0.005, 0.08726646259971647, 0.0, 0]",0,0,0
