Environment,f0_proximal,f0_distal,f1_proximal,f1_distal,f2_proximal,f2_distal,slip,drop,stem_moved,success_or_failure,apple wrt baselink,calix wrt baselink,stem wrt baselink,stem socket wrt baselink,eef_wrt_baselink,noise_wrt_tool
apple_proxy,0,1,0,1,1,1,n,n,n,s,"[-0.7222019482361284, 0.0939179282018393, 0.38801752801109424]","[-0.7046907185520399, 0.08930677123664205, 0.3586013145872542]","[-0.739713177920217, 0.09852908516703668, 0.41743374143493406]","[-0.7763484787774079, 0.08898484982837646, 0.4603147014563893]","[-0.7204933766482122, 0.09604458745147809, 0.3837079001337478, -0.08588296435268442, -0.2345468816614622, 0.9096304710137777, 0.33194017976155554]","[-0.02, -0.015, -0.005, -0.17453292519943295, -0.17453292519943295, 0]",0,0,0
