Environment,f0_proximal,f0_distal,f1_proximal,f1_distal,f2_proximal,f2_distal,slip,drop,stem_moved,success_or_failure,apple wrt baselink,calix wrt baselink,stem wrt baselink,stem socket wrt baselink,eef_wrt_baselink,noise_wrt_tool
apple_proxy,0,1,0,1,0,0,y,n,n,s,"[-0.7443991894126483, 0.08771261652468404, 0.36988667721774715]","[-0.7312945209826579, 0.0829752803851011, 0.3398470440360948]","[-0.7575038578426387, 0.09244995266426698, 0.3999263103993993]","[-0.784333596254952, 0.09559608916931961, 0.4535391028000042]","[-0.7493242499191923, 0.08034496422367648, 0.35713226440678225, -0.34143355219775634, -0.012526681701715016, -0.0939073426056592, 0.9351190419855169]","[-0.005, 0.0, -0.01, -0.17453292519943295, 0.0, 0]",0,0,0
