Environment,f0_proximal,f0_distal,f1_proximal,f1_distal,f2_proximal,f2_distal,slip,drop,stem_moved,success_or_failure,apple wrt baselink,calix wrt baselink,stem wrt baselink,stem socket wrt baselink,eef_wrt_baselink,noise_wrt_tool
apple_proxy,0,1,0,1,0,0,y,n,y,f,"[-0.7108663672382529, 0.08500982268330748, 0.40046758880878297]","[-0.690897132331215, 0.08154772469195387, 0.37641357902982686]","[-0.730835602145291, 0.08847192067466103, 0.4245215985877391]","[-0.7704748628329418, 0.09164498667779347, 0.4680501134518513]","[-0.713749141838512, 0.08596608514622972, 0.38831446790209556, -0.017345033620145226, -0.35863694089281195, 0.8991051110920762, 0.2503771028745805]","[0.003, 0.007, -0.005, -0.17453292519943295, -0.17453292519943295, 0]",0,0,0
