Environment,f0_proximal,f0_distal,f1_proximal,f1_distal,f2_proximal,f2_distal,slip,drop,stem_moved,success_or_failure,apple wrt baselink,calix wrt baselink,stem wrt baselink,stem socket wrt baselink,eef_wrt_baselink,noise_wrt_tool
apple_proxy,0,1,0,1,0,1,y,n,y,f,"[-0.7225380201494764, 0.0735396556664254, 0.3832075005155906]","[-0.7079656514152366, 0.07412515581513174, 0.356480778369173]","[-0.7371103888837163, 0.07295415551771905, 0.4099342226620082]","[-0.7790500269958931, 0.07263533134495437, 0.4581351623974048]","[-0.6982312732349931, 0.06614224926497447, 0.35673154715594135, -0.11563866585759204, -0.48297154533513414, 0.7410338976896101, 0.45192360840103796]","[-0.025, 0.01, -0.02, -0.5235987755982988, 0.0, 0]",0,0,0
