Environment,f0_proximal,f0_distal,f1_proximal,f1_distal,f2_proximal,f2_distal,slip,drop,stem_moved,success_or_failure,apple wrt baselink,calix wrt baselink,stem wrt baselink,stem socket wrt baselink,eef_wrt_baselink,noise_wrt_tool
apple_proxy,0,1,0,1,0,1,y,n,y,f,"[-0.7817398282013552, 0.09467008339251054, 0.3506796476311582]","[-0.7767384850412323, 0.09965776967007178, 0.32300381683774937]","[-0.7867411713614783, 0.08968239711494935, 0.37835547842456685]","[-0.7999202306301525, 0.09001495869773984, 0.4408891950822198]","[-0.8076563047590282, 0.0707261014839139, 0.33047741678954523, -0.23054516338478306, -0.2549768915236686, -0.023114636727971434, 0.9387765580785163]","[-0.025, -0.02, -0.02, -0.2617993877991494, -0.5235987755982988, 0]",0,0,0
