Environment,f0_proximal,f0_distal,f1_proximal,f1_distal,f2_proximal,f2_distal,slip,drop,stem_moved,success_or_failure,apple wrt baselink,calix wrt baselink,stem wrt baselink,stem socket wrt baselink,eef_wrt_baselink,noise_wrt_tool
apple_proxy,0,1,0,1,1,1,y,n,y,f,"[-0.6881124759550702, 0.08552905604071376, 0.4438616917610838]","[-0.6601929295250001, 0.0854100867525226, 0.42331124442462165]","[-0.7160320223851404, 0.08564802532890492, 0.464412139097546]","[-0.7692541717882235, 0.08958234560701744, 0.49210402413091225]","[-0.6711616249139916, 0.09693449294449602, 0.4355236575166581, -0.04558333210640127, -0.010143009734853591, 0.9873760664217464, 0.15135317190305653]","[-0.013, -0.015, -0.005, 0.08726646259971647, 0.08726646259971647, 0]",0,0,0
