Environment,f0_proximal,f0_distal,f1_proximal,f1_distal,f2_proximal,f2_distal,slip,drop,stem_moved,success_or_failure,apple wrt baselink,calix wrt baselink,stem wrt baselink,stem socket wrt baselink,eef_wrt_baselink,noise_wrt_tool
apple_proxy,0,1,0,1,0,1,n,n,n,s,"[-0.7108663672382529, 0.08500982268330748, 0.40046758880878297]","[-0.690897132331215, 0.08154772469195387, 0.37641357902982686]","[-0.730835602145291, 0.08847192067466103, 0.4245215985877391]","[-0.7704748628329418, 0.09164498667779347, 0.4680501134518513]","[-0.698787194829694, 0.0825936378397164, 0.39565339106752995, -0.19756938472566085, -0.24774409443692075, 0.7419872929454606, 0.5907995082921301]","[-0.005, -0.007, -0.005, -0.08726646259971647, 0.0, 0]",0,0,0
